epsilon,sim,dp_intercept,dp_beta1,dp_beta2,dp_se_intercept,dp_se_beta1,dp_se_beta2,dp_covered_intercept,dp_covered_beta1,dp_covered_beta2,ols_intercept,ols_beta1,ols_beta2
0.5,0,-8.865188351461711,-6.432196569684646,-1.4604641172220705,144.42326884772072,15.499271437668579,9.259411785278969,True,True,True,0.04496197470345577,0.9538017744896952,2.0092769365482743
0.5,1,296100939.57676715,-2018513624.1525488,3760006792.885744,2121939116653341.0,6.72215607071784e+17,4.3448963854631306e+18,True,True,True,0.010328932525563765,1.0100812135356245,1.9822275751571252
0.5,2,0.474001448863054,-8.923898834879838,6.907273477497457,2.5108942416159246,77.45490249453535,51.14672062376908,True,True,True,-0.0004233122749536019,0.9528161950661619,2.0265090341497602
0.5,3,-1807959608.7587214,3976556091.4118643,6441495400.574222,1.4592647227005827e+17,1.552706063982654e+18,6.599758037239806e+18,True,True,True,0.0077064796200466,0.9759292776753317,2.089083280547619
0.5,4,2621793003.0525713,3437468058.598072,3126293699.2763143,9.47025597708517e+17,2.1344330194953907e+18,1.605668334792161e+18,True,True,True,0.040503393057585206,1.0211999831980583,2.0137538265904116
0.5,5,-7291006383.989678,1657241853.23845,2006755891.2144423,9.672959569707084e+18,1.1359379754796507e+17,2.016882412037078e+17,True,True,True,0.04482074067984201,0.9663714532595831,2.0992541740234962
0.5,6,18996355.663842972,-77471973.01576039,-98193345.34762737,640650850051840.9,4.345546375859331e+16,8.848236707024232e+16,True,True,True,0.002759456244815963,1.0245258174446366,1.9400807055355536
0.5,7,581697650.6389967,23044536.263070043,1480460951.6961377,1.1633622175598533e+17,7233238965416.693,1.9178466606029763e+18,True,True,True,-0.0933852870851911,0.9831832228283364,1.9672124727767488
0.5,8,-1092775678.8432217,4274676734.5746994,1091192193.694914,9.448626527776618e+16,5.655688113131133e+18,9.407611437151237e+16,True,True,True,0.010616669494827327,1.0037561105729482,2.0821872479072496
0.5,9,-560476081.2320945,3864487578.3754373,1617469710.1799402,1.4741307490904192e+16,4.83215100559368e+18,3.543016859627994e+17,True,True,True,-0.008131235298020227,0.9224833163832051,2.015164702086296
0.5,10,-851472279.0765668,2347345365.0133357,6490684005.647639,1.9091823000650604e+16,4.0000629859089894e+17,8.456823215287668e+18,True,True,True,0.0054164180424555244,0.9987453721728847,1.9925347256589157
0.5,11,-2465949915.644515,3645487621.3472843,-418787526.6749612,1.147508071487321e+18,3.70740368469266e+18,5620620025406857.0,True,True,True,-0.032605182035611746,1.0197648677302626,1.979143036739988
0.5,12,126721860.44573289,-2606415588.832473,406731120.10305446,436390798406173.44,3.7970988025079654e+18,1.4429228690956552e+16,True,True,True,-0.027946329971762808,0.994167238189297,2.0079112106012866
0.5,13,-507917430.3414305,494493086.7583583,-327536798.0653193,3.2141143921806483e+17,2.965941970821979e+17,8.619107041237114e+16,True,True,True,-0.015855567782847295,1.0116115819326508,1.9814039092829647
0.5,14,-1749794949.391045,-84020477.56554882,501711555.10005486,2.4132856606302884e+18,267179253467587.84,5.688654650908681e+16,True,True,True,-0.029339364877883023,0.9863132436303198,2.053464328966084
0.5,15,2146912325.3375227,6886960552.660262,4459777108.285097,2.0577677092133686e+17,6.792602564565826e+18,1.844560398265249e+18,True,True,True,0.008313951792413565,1.0675836574449853,1.9566097090792303
0.5,16,-768668432.1610703,862810636.9433473,239553477.15422478,4.8778040487554054e+17,6.898484279529676e+17,1.4764360872648166e+16,True,True,True,0.0036253501211920454,1.0738980558450355,2.06439344641027
0.5,17,-3126174701.179579,-1517263249.454087,604501502.1500331,3.6733378137303004e+18,4.199561576526449e+17,2.6559096397152036e+16,True,True,True,0.024022482636171037,0.9624491729790936,2.0752533819512187
0.5,18,-0.6628185877041699,1.3937495751539628,0.24655977995933764,3.4741268320321024,9.422500770166678,2.447140588734533,True,True,True,-0.051903366238846796,0.9756983050704888,1.9792262325858592
0.5,19,1530160175.0981467,700548840.6422298,1149693492.5435467,1.2900522436742287e+18,1.2379749849909578e+17,5.4719589671104115e+17,True,True,True,0.016859844891902984,0.9841482426903899,1.9061686561252906
0.5,20,-2940736211.274281,5402978137.764858,2130504505.2082474,8.975816904033862e+17,5.566797286047775e+18,3.413132506852208e+17,True,True,True,-0.00783629246045292,0.9959525595283317,2.040776846039611
0.5,21,-675225558.2478838,826724895.8588798,221251182.1692384,3.874881256618905e+17,7.112050435352371e+17,1.363228276634449e+16,True,True,True,0.04586470068925289,0.9835280342167595,2.0098708258307365
0.5,22,-190760935.3587872,-1004149246.7818133,-212317962.32158902,9527654379189204.0,1.389672492496908e+18,1.3136445756640786e+16,True,True,True,0.020933921126344505,0.9551673111849823,1.994595910694979
0.5,23,4159739741.9944763,3768610412.88808,-6302180309.699572,1.5115902454922583e+18,1.1240337037321981e+18,5.256638069542667e+18,True,True,True,-0.010399676562924669,1.0002027980572583,1.9980442372028058
0.5,24,-400553254.1002548,668809431.068451,568889473.6515038,1.032071338737058e+17,4.8043660731068864e+17,2.956736445620465e+17,True,True,True,-0.007265968573973446,0.9812850475882491,1.990593599242566
0.5,25,595244416.8798397,1740034567.522558,-1008330351.8202329,7.171559537563863e+16,1.7914357857840138e+18,3.4860702896471526e+17,True,True,True,0.02169095418698283,0.9898244786134943,1.9890162046934428
0.5,26,1899954480.8745391,-314220096.5360829,468796933.3186026,2.6114377817894016e+18,1.1812776180993858e+16,3.922874207877924e+16,True,True,True,0.011889457752348565,1.055799834172415,2.0195450671346924
0.5,27,0.11990536832139549,1.399360008232329,-0.38954389790441013,1.4883635208748183,6.92857755233859,7.633143968718381,True,True,True,0.05524543121276078,0.9709025107353402,1.9830874434020362
0.5,28,98598312.72195096,-68590777.88698578,41492926.788148016,8.878677698293528e+16,2.989076477725627e+16,6617013570729921.0,True,True,True,-0.01804341851425701,1.0306493129938104,1.9922840777657818
0.5,29,103359719.88416716,291645982.47251964,-205143613.60335484,1.1983559244402028e+16,2.6921537654797818e+17,9.369272450838843e+16,True,True,True,-0.02322994505876097,0.9378044020728596,2.0261876282497258
0.5,30,-827862985.3690935,1857440717.7734487,18128966.34480826,2.0519994983155235e+17,2.317644069645507e+18,2154877686994.4138,True,True,True,0.015148835623443001,1.0005002376601015,2.001310600647553
0.5,31,-2330372342.990522,-2576581349.125292,-1456189965.0976224,1.3339969419562967e+18,1.803061158518881e+18,3.254865032957688e+17,True,True,True,0.0312052746531353,1.04892069332389,2.0194301655833167
0.5,32,2028673274.0846448,-3092298995.044568,-1939243405.5577936,7.161190334179597e+17,2.536257420687499e+18,6.255267156557651e+17,True,True,True,-0.02575159266945124,1.0350593440066518,2.0158290620918047
0.5,33,1618092874.196604,-104772667.83798128,452384904.70906764,2.2360987244452867e+18,607050306563900.9,4.886579324823519e+16,True,True,True,-0.05985397873217732,1.0686840197238014,2.0397391353025847
0.5,34,-169130210.66522786,-72407267.76940896,-862399065.678634,9306302867949314.0,730230715218015.4,1.2337820371520223e+18,True,True,True,0.0143041614359803,0.9933586031947639,1.929641475694571
0.5,35,-3.4447926954905776,10.481255320193075,3.3376121013105475,2.591985772334396,28.96536186928507,3.4906477772486455,True,True,True,-0.054292035433714164,1.0018955992875405,1.9549383976827195
0.5,36,228853570.29467356,-893422640.9474559,-4167151159.2520022,984202882243769.2,5.85574768212064e+16,5.941953488214434e+18,True,True,True,0.020916087690168353,1.0149639917644064,1.9594384765869834
0.5,37,0.502478076809612,-1.0700136886790108,0.8369742860727373,2.7215299235311603,7.400413088477481,0.9371810170389738,True,True,True,-0.004245056069330764,1.0402043960188123,1.943126848903555
0.5,38,-0.7986139150151704,-1.3832870259934043,0.15243092926509239,0.9167148915335741,2.303079341356758,1.050218890803633,True,True,True,0.0398872193088313,0.9831497104680675,1.9670469081722644
0.5,39,0.004160833668803585,1.068708660086069,1.1269834408617163,1.563897198649707,2.296240258900874,1.412896211496496,True,True,True,-0.0021085312344127985,1.036237600163568,1.9852684752818246
0.5,40,1054752163.9663152,-671386322.5744424,174061775.68237785,1.101390217132572e+18,2.8405825046877258e+17,4949942669992324.0,True,True,True,-0.00883154898219025,1.002391498704167,2.0528840397050008
0.5,41,3687719604.0002785,-990391109.4438246,2943837029.672038,3.226840355019513e+18,6.250633136751552e+16,1.641515902696731e+18,True,True,True,-0.009592967333136145,0.94604247894282,1.9893138536340493
0.5,42,1758080785.947687,3059467822.7447686,-1898078102.1350899,5.062847960987335e+17,2.6681858235368207e+18,6.37119120861821e+17,True,True,True,-0.019591486998820563,0.9559607937132513,2.0180224168998806
0.5,43,-26.323533269982192,10.802955729934956,9.15457330752285,188.85981774532698,14.719029217907975,11.141391615949024,True,True,True,-0.014063319591664729,0.9513814303546116,1.9995431174047769
0.5,44,1.9620138321013878,-4.274145205044684,-1.9704160666529087,3.2167974951264355,22.182568392148642,3.65979400797959,True,True,True,0.018482359925492933,0.9937249196335916,2.0656077131408423
0.5,45,-1103524332.814226,-980798250.6658002,1279906003.618757,5.2647800571919085e+17,3.696353852302991e+17,8.214265206850797e+17,True,True,True,0.015845114078443204,0.9485860965871129,2.0524804693480285
0.5,46,11475183.907670116,63919712.44809041,143704215.23918205,90884652666612.75,1.5707825481604108e+16,1.7849257749884214e+17,True,True,True,-0.04807064044109216,1.0300250317134492,2.031479380635785
0.5,47,118502709.3434597,-630275923.0310127,1750004305.6217227,716535371732443.9,1.0780648818715282e+17,2.3076508230029716e+18,True,True,True,-0.005446262711817515,1.0235266236835077,1.9786601630307725
0.5,48,2815287786.7642655,-3759844165.67304,6451773029.385289,5.2404841851472576e+17,1.2482815725627587e+18,6.307253201084609e+18,True,True,True,0.0005183906292087689,0.9991307309334319,2.020724196091191
0.5,49,3234326443.7561445,784114442.6931003,346445893.139778,4.520197740182611e+18,6.440865662562063e+16,5555359139589679.0,True,True,True,-0.011956199359816351,0.9854809330702476,1.9514595311023109
0.5,50,1925668149.9216092,-2173475687.976574,1701138690.3241851,9.430251135900585e+17,1.3559487512785925e+18,6.501268202920977e+17,True,True,True,0.02753270459930817,1.0359005187217594,1.9596779524120436
0.5,51,-1099626661.7643754,-2228706467.9650493,82301276.14266814,3.216538600706092e+17,2.678006369180421e+18,134856780893381.47,True,True,True,-0.05306352794623609,0.9456083174405605,2.0033077690189316
0.5,52,894625335.6526862,1141103308.4801035,2165328093.5515738,1.5770317042428256e+17,3.2725910019829376e+17,2.236083262534437e+18,True,True,True,-0.04176592332102176,0.9934204786880745,2.0166035104324154
0.5,53,2529636738.7123055,-547478259.0363827,2783251401.6967883,1.6761252754780695e+18,1.6991535806286098e+16,2.2324888812894733e+18,True,True,True,0.0003289006828925897,1.0367393707048471,2.0220644061915287
0.5,54,4288503343.4367757,229329003.01786146,5581233212.648747,2.378735398986059e+18,363752462402784.25,5.243477225220993e+18,True,True,True,0.01998203449435481,0.9774051314073564,2.0571790623826383
0.5,55,32563251.891330015,96730213.04604064,46473432.95261608,4106468624689477.5,1.0763947408511048e+17,1.1937115397452174e+16,True,True,True,-0.0011458677800734,0.978079975141844,1.990396209168826
0.5,56,1368098509.705384,-2519481095.514004,1676658695.643031,3.4722281386553126e+17,2.1686499389761953e+18,6.391313765549275e+17,True,True,True,-0.004671429105442963,0.97388032664107,2.0233488343979635
0.5,57,5.027645062108168,0.09400197542699121,3.2028183349539803,8.114381975180018,3.0898785224164005,3.2376363151145386,True,True,True,0.01647488429789275,1.0142601010325778,2.0037058013813374
0.5,58,1653782087.1655228,-321817333.56979954,4545165066.209357,2.8792466169999344e+17,2121643135935170.0,5.977134001417453e+18,True,True,True,-0.048730600637827165,0.9879346379280808,1.9769050584577568
0.5,59,98830214.8492851,390686799.89426714,-180696291.69220185,7402379408076691.0,4.572863635254915e+17,4.524282823273757e+16,True,True,True,0.022986871123611412,0.9730557859709925,2.033382160065065
0.5,60,359679464.4119704,566425423.4575996,-1074214419.9324188,4.338722605316954e+16,1.6945062104484694e+17,1.1558138364479657e+18,True,True,True,0.0455950403124802,0.9812431614922277,2.0112667648675524
0.5,61,-308587871.13735896,166298376.1431572,-230465869.54657036,2.4974199982693885e+17,3.908580436443798e+16,1.0403390364407293e+17,True,True,True,0.06685660923842711,1.0442568402643146,2.0942907428322663
0.5,62,0.08548437113699893,-5.134795427776245,-0.8766345895012064,3.092198683255176,13.43645677297066,1.3193198368655508,True,True,False,-0.08092229882690166,1.019567835801776,2.068918633110356
0.5,63,128166983.92964084,584211237.6782842,619683609.9237927,4245572395260857.5,4.020846193600882e+17,4.7986355667571994e+17,True,True,True,0.030732708138504546,1.011992366455342,2.019365679183718
0.5,64,-1183568475.9553654,2603944861.1149745,1005504696.3471863,2.697800711800788e+17,2.8729300270650445e+18,1.654177116180358e+17,True,True,True,-0.08055710178463026,1.021919853340358,1.9917398915349602
0.5,65,5118724.301996941,75198148.7947737,-362918806.89358914,1460109425761.6104,4629360701859213.0,5.203888678428788e+17,True,True,True,-0.02129310515346084,0.9911588455786497,2.018909584204732
0.5,66,-38.73826499845187,-99.14873767153124,-3.6794642090461847,127.05806154914136,1806.8597944277699,3.0741627946461088,True,True,True,-0.0027179549621177343,1.0404329786234037,2.0561096196474216
0.5,67,-3289752660.743691,1587168131.2934804,1979901055.9970984,3.0850864514891924e+18,3.464546550837342e+17,6.72524421019201e+17,True,True,True,0.01557055066563643,1.0196646051723959,1.9763686421996023
0.5,68,-363649333.63532084,-85106461.7015802,108037283.7031664,4.758621257813563e+17,6099867189637706.0,1.2478251048636968e+16,True,True,True,0.02764603832327571,0.9132452520544774,1.9748710024492175
0.5,69,-70292104.23741706,1453389578.8674104,-134982408.8674317,243263964240109.12,2.1503255803626703e+18,1722620541058668.5,True,True,True,0.020356733441869303,1.0203574409571845,2.045588860997709
0.5,70,-566391819.4461433,197284826.7458584,109402873.33537033,7.311866508183164e+17,3.0899993360791e+16,5269428533730451.0,True,True,True,0.004287561581021426,1.0261408825572973,1.9793174289911504
0.5,71,-2306646195.9463882,2033092669.3239245,369068366.0335572,1.914120739600463e+18,1.3106836924650952e+18,7840556109944209.0,True,True,True,-0.0019743271879692423,1.0320167027331546,2.0160355827026786
0.5,72,-133649863.06566143,309753458.4949989,-1119709632.783015,2611065018352323.0,3.2505781477134916e+16,1.535424172383527e+18,True,True,True,0.08372047511707956,0.9902960206474173,2.0007441915169037
0.5,73,389260701.1572159,-165946044.770859,-95857105.93949625,4.68644511890894e+17,3.630969188936543e+16,6998336139598378.0,True,True,True,0.038929256403592225,0.9478060866547502,2.0296245492351783
0.5,74,-7.794935643454038,31.182353797799372,28.546590620780243,13.449505916988338,95.3421209321391,70.14916167195211,True,True,True,0.030614725124089567,1.0127901441540654,2.027835593447038
0.5,75,694714867.819594,-410140304.52097064,-369580046.97802055,6.368898055403994e+17,1.3105146203004389e+17,9.588928346207192e+16,True,True,True,-0.0014525552752337953,1.0234254039822184,2.0362219508081254
0.5,76,276681083.5040104,87744211.89138691,-326762692.3042942,1.6584619462124298e+17,5289596324434274.0,2.731898136674711e+17,True,True,True,0.04284132321782608,0.9363115281569824,1.9938159938780546
0.5,77,0.43263689821498097,6.800322247030228,11.735595246449408,0.883306756857314,27.47108249522432,72.1017727148193,True,True,True,-0.04938564701172385,1.0014447194828837,2.004492971486382
0.5,78,1148324880.8668406,3869724489.96631,3188179978.22592,8.560460199473179e+16,3.2759926810961864e+18,1.8320244918198502e+18,True,True,True,0.01051890162782168,0.9880352978339282,2.022037344157203
0.5,79,1827281437.5724819,677035263.4501573,473956950.7800778,2.269006545573787e+18,1.1541261701928864e+17,3.959461415918389e+16,True,True,True,-0.012107508925427734,1.0024165032904404,1.989205378333045
0.5,80,2729927166.5244956,-3931084903.038188,1605795608.9902093,1.1940844425501873e+18,3.5654892241336376e+18,2.430259535650842e+17,True,True,True,0.0015313940815647603,0.9190092877010172,1.9272369071847897
0.5,81,-271962790.67943037,301081448.9574719,-26019966.468087822,1.8202781118633427e+17,2.469797085932185e+17,159415141340710.78,True,True,True,-0.05310875586703858,0.9917224305418553,1.9957675029433664
0.5,82,-49651884.85833962,25820592.30016737,35749344.411327325,4.151678944478463e+16,5838686019338316.0,1.5496042804167796e+16,True,True,True,0.04454200152181774,0.9968231564153605,1.9814339661355254
0.5,83,14.177855189041876,0.2633294354964901,2.5525418013422736,52.6635056064189,2.430406827308784,1.4868598972176132,True,True,True,0.02050297123599335,1.006994253806095,2.045743974698832
0.5,84,3860626821.673702,-2389454232.8274784,2112236532.1159928,3.4322768650019825e+18,8.137762157170907e+17,5.621296482443387e+17,True,True,True,-0.045310040902465765,0.9757562287233362,2.000116501385558
0.5,85,-3848201930.5167727,4573726828.488841,3890036648.8841505,1.67592839367414e+18,2.8137957319514445e+18,1.7311829993523592e+18,True,True,True,0.05411674528986393,1.0247875854031976,1.9578228981039472
0.5,86,3.209847994078381,-5.94806901289351,2.1325579986902667,3.4773388920822157,7.453570920408373,1.4688802648994421,True,True,True,-0.009273180968074182,1.0048521560207928,2.00940191085947
0.5,87,10.12274572062714,-2.054233179228078,4.637251799449492,62.34420124375886,2.143458107357577,7.448986338851734,True,True,True,-0.03072620730040256,1.0068633643709806,1.9792339107713812
0.5,88,1447076853.7191155,75203571.48123688,2178711509.794136,6.620126906431112e+17,92919541762234.38,2.2593874210633428e+18,True,True,True,-0.024791793899079786,0.9920291242719697,2.0066667234419024
0.5,89,-235784681.65009883,-1154103420.193389,1696948480.4744737,4594763327166838.0,5.3882850725799795e+17,1.712861908557714e+18,True,True,True,0.04164366940096192,1.046243182610037,1.974753516288711
0.5,90,4732224795.781165,-671947086.4862112,862035534.4179529,6.719742651768389e+18,1.9238081998075376e+16,4.061926412990967e+16,True,True,True,-0.024223656906678086,1.042957126966187,2.014627924730265
0.5,91,152468907.00091168,-844843978.4102209,-316448840.70173997,6332856819616514.0,1.0774207770627222e+18,5.661953960620612e+16,True,True,True,-0.06747790588354213,0.9957014116896156,1.980806999694222
0.5,92,39337336.20378592,-1087918533.6756742,911783311.3632115,45152623616631.266,9.551178372884516e+17,5.6226719360036454e+17,True,True,True,0.004398086004966634,1.0136689739753657,1.9965088864968537
0.5,93,826449282.9647837,-828184528.7641702,-980294.252123533,6.167825990864407e+17,6.206758255642355e+17,1029796271.677447,True,True,True,-0.009188035195818511,0.9695189656641692,1.9603623457518964
0.5,94,-1168630949.4120603,-4189142341.417803,4360605409.017532,6.2938010113592984e+16,2.899053237266158e+18,3.2698001186339103e+18,True,True,True,-0.028384812851665855,1.0066571257981862,1.9564899080663796
0.5,95,1406845411.602831,-2375930997.557421,-622693512.7183685,5.198233495552632e+17,2.5039065617108204e+18,4.507540895937525e+16,True,True,True,-0.05042843502234658,1.0209385239544941,2.0333637144237406
0.5,96,3010125612.577855,597324545.0517694,-2288717305.032703,2.783557707288405e+18,2.1750911296466228e+16,1.2235531309250844e+18,True,True,True,-0.028493154818368966,0.9894228644502794,1.9549831626689649
0.5,97,-2126551346.0758145,-3184692213.682703,2615319085.394039,6.688969834070985e+17,2.2466427307010289e+18,1.2442443178890355e+18,True,True,True,0.02768135528988365,1.045871256684271,2.056037496300278
0.5,98,-2313558509.34416,1028306530.4444785,-251305914.46923742,2.86144623535569e+18,2.5125337867131872e+17,3667349231237643.5,True,True,True,0.018628387667691856,0.9718208263358594,1.9518291471962188
0.5,99,-554158604.872343,-458101368.3746492,2789431751.851519,3.0675627943177376e+16,1.7329099296456674e+16,3.9123566319058043e+18,True,True,True,-0.05511026659341328,0.996050010213811,2.0108101342773423
1.0,0,1462684678.013425,-2197020304.2344885,-108603722.93500942,3.353826763499476e+17,1.1365556407275401e+18,137284899979457.81,True,True,True,0.07320876699358606,1.006202735324281,1.9856515657010485
1.0,1,-0.4928740127002604,2.3344788814714303,3.16375860140567,1.8517613291988204,1.9743589016056864,3.1237116038375916,True,True,True,0.020203123860771763,1.0339568639539625,2.0322588743853984
1.0,2,32.64755933074185,15.456505684460573,-4.343767982943474,366.25422802467205,51.79765857843406,4.6511648886378,True,True,True,-0.006186638712166126,1.0016302604069176,2.015290151211967
1.0,3,-416469434.8085793,310863673.07812566,-234775765.51537308,1.661205143649822e+17,6.908500361363891e+16,2.9760050866685976e+16,True,True,True,-0.04468214794111422,0.9456263083057208,2.0098837627839483
1.0,4,-1041213140.7910795,-508291698.85212445,1580989348.892785,2.1972948718568128e+17,2.5562803119896504e+16,7.692300705088804e+17,True,True,True,-0.008331938351786031,0.9667010361103331,2.018291486862032
1.0,5,331765522.38084424,476910681.65221786,417505205.097915,5.335833634993481e+16,1.5849649954213072e+17,1.0633940019553528e+17,True,True,True,-0.03179015024715099,0.9988044656610692,1.9760284710979334
1.0,6,-9.273383697621888,3.8119911733445995,5.632479742956693,11.314544251572956,2.299366587986833,2.6560765249360663,True,True,True,-0.00483056533092583,0.9781665953654303,2.0486323958640074
1.0,7,-351754393.46288365,78434938.96296065,4311412.429388386,2.5057148069585654e+17,2778060711240367.0,461395346704.8383,True,True,True,-0.001068104914768924,1.0181172916334849,1.977226977442059
1.0,8,-201123447.71717086,128382451.56511344,1940548.310793716,1.0686257282038464e+17,2.7794220865923188e+16,95987089401.62442,True,True,True,-0.03021376732557234,0.9381549940326661,1.964927630032335
1.0,9,-0.970895535222011,2.4836766266186707,-0.022126161973157334,4.348621761302014,3.385414744991608,1.334544325427992,True,True,True,0.00501343968216011,0.9988306743032789,1.976310677311522
1.0,10,2.1410125119970993,1.8272614201513744,-0.04462150416931609,3.9243256752462248,4.477776437500567,2.2457046629471966,True,True,True,-0.02040862179061921,0.9934995760298968,2.0113965367554876
1.0,11,1.3227029125735124,21.979298177413998,19.120553217315926,5.294682970393637,327.58439167363764,70.89309039833721,True,True,True,-0.033076670889107915,1.0278592854198763,1.9991547217247012
1.0,12,67448645.09167409,-66670717.41895041,75477608.68107226,1.5620369674027636e+16,1.508610111803772e+16,2.1889002440391764e+16,True,True,True,-0.04061425804780599,0.987434998161441,2.001689063283182
1.0,13,-2016207718.8019915,2059672975.748225,-111296600.69566137,7.367571044392207e+17,7.85440563414334e+17,123926557437468.45,True,True,True,0.024172152008189444,1.012049456093534,2.0255814166510095
1.0,14,0.5533887016389718,-0.1798309957852278,2.979767747556805,2.1159848963715615,1.0739358620968682,2.089684846298592,True,True,True,0.009524397452354262,0.9732100696019035,1.999337134937829
1.0,15,-4205139.155564201,42173374.08223443,-32683150.085486908,19414433493983.03,1.9583920454488132e+16,9114996966168092.0,True,True,True,0.0700289832719329,1.027601313316666,2.0206055477360447
1.0,16,18744718.744251207,330987716.43979454,222523846.9451141,30897205097119.754,1.7010532248783565e+17,5.1690644306244056e+16,True,True,True,-0.020464335409559796,1.0168810229027927,2.0001871515170957
1.0,17,0.6170448887997889,1.639670066520116,2.0556823864554086,1.2510098431333123,1.1269937979953386,1.7728110376034372,True,True,True,0.00961116480450807,1.0290133653714264,2.04079536379372
1.0,18,-665063068.3126626,2443789057.8447294,150554112.45046943,3.417650841756861e+16,1.6956270614147907e+18,396476265633955.8,True,True,True,0.0016798212545694642,0.9950514444176805,1.9889822720296166
1.0,19,-2074286564.6986926,122405282.65891054,750430108.6408134,1.3675525194065766e+18,281020746837099.53,6.4754283541237e+16,True,True,True,-0.009633781408644203,1.0064031121943424,1.9710266903141969
1.0,20,-0.5083062859899581,5.65667404491498,5.496640063052378,1.2846709722115919,4.786953215809524,6.478249984285215,True,True,True,-0.018979182105010116,0.9798488537372877,1.9934797938919147
1.0,21,1120235544.647357,2515305040.723896,1066775959.5523336,1.2057430301719048e+17,1.3648932815025334e+18,1.0412292804390368e+17,True,True,True,0.005203224695791896,0.9531624763825697,2.004380266066998
1.0,22,-1956302148.918496,1609822250.3634083,2681883656.776649,4.1137818987479994e+17,2.2922777844561523e+17,1.0598716322069286e+18,True,True,True,-0.002900045045830423,0.993891076424174,2.0284180991413754
1.0,23,-416118833.937914,520273689.1463803,459101545.23105216,8.231807299780534e+16,1.6089356151858288e+17,1.105526957511403e+17,True,True,True,0.025303233310951495,1.040481871627806,1.9511652823465266
1.0,24,3897826.6468071574,160851527.79611492,-104445566.7509804,1203596220080.7861,8.458393697650699e+16,2.3157004342435496e+16,True,True,True,-0.0014822121666321249,1.0181477075496863,1.930017655391411
1.0,25,-0.5769136088069847,-1.2397582467310062,4.64884513135005,0.9994728865467835,0.8260730031185761,6.532539543119872,True,False,True,-0.00805100779623406,0.9929747228392924,1.9962388799212627
1.0,26,-391577088.1189572,3871784090.1795216,-1450532146.0378864,2603388554648413.0,2.5166366108830085e+18,1.323333148145911e+17,True,True,True,0.030583951475644418,0.9542686761924898,1.9551120923875551
1.0,27,3.760410042854034,4.863734919833366,-0.49705748225203944,5.8764972080748015,6.1080351139486355,0.7745259759554977,True,True,False,-0.044766429269177205,0.9834261400416575,1.9718742053450324
1.0,28,0.18085290141820087,1.1006400337064386,0.27540107691590904,1.865576487875316,2.832891600745097,2.0025569866937802,True,True,True,-0.015716505241800037,0.9438133600969235,1.9843476173466335
1.0,29,-1129533431.9843075,105705318.96821867,2426479056.3991394,1.5021537496823405e+17,123114078378286.62,1.4891785010604398e+18,True,True,True,0.005743512336275572,0.9662638818516529,2.0001402358111844
1.0,30,-261125507.42777765,1828713229.4179773,2897521442.110397,1127715517441001.2,3.8733638708415034e+17,1.540747411771966e+18,True,True,True,-0.028914988787738745,1.007140367644594,2.008425350010854
1.0,31,-15.149665150871522,-2.0518027029896997,8.211574627525167,88.34508727048029,3.309035712691033,19.066849619959072,True,True,True,-0.0262037930568512,1.0362233688816394,1.9685643174548633
1.0,32,-1.2525999320580175,3.570145461403535,0.005443236543303539,2.200583029479218,2.7841352646986635,0.7765646111805642,True,True,False,-0.01797399298037193,1.0086436630606177,1.9829745945801487
1.0,33,-668674680.4916459,566884841.9542375,-56199773.67361374,2.897720239081719e+17,1.765616374941831e+17,172034514121168.56,True,True,True,-0.017460441820808727,1.0402995961433665,2.0187150119150252
1.0,34,344665298.81483644,-479862248.92155796,3496862331.2401233,2434670765645699.5,6570482251652425.0,2.542629511449725e+18,True,True,True,0.01822336636475082,0.9635328386092247,2.058640350877407
1.0,35,2.169965637295278,1.4456545839327055,0.7715791119160595,1.965558224710107,1.419822412675328,1.5597374941045965,True,True,True,-0.0016139455337943164,1.0515101848406427,1.9899157602046085
1.0,36,88308663.42787449,-81377514.75951098,232515272.34565464,7520530118066414.0,5885072196870115.0,1.3727547674514726e+17,True,True,True,0.0033775367816499882,0.9802996894222432,2.0148656454181966
1.0,37,1408311606.4312992,613583023.1036662,-366702190.94178003,8.374840274207667e+17,6.926283454210263e+16,1.478498119945521e+16,True,True,True,0.0537326038848983,0.9881137480324161,2.014136998465469
1.0,38,325992968.8986322,-189535798.4387686,-192278857.09152803,1.446093014166639e+17,2.842138834064371e+16,2.9673319378465276e+16,True,True,True,0.050679867564004624,0.9667017666041826,1.9348908928890083
1.0,39,-963982365.6531619,835679893.6081166,1121984152.3525362,2.3209642577453107e+17,1.51210184566749e+17,3.659496645759156e+17,True,True,True,-0.04632202820151142,1.0531728986316662,2.0521830575815283
1.0,40,109807580.31771186,4514492.086069283,913883653.2829852,1168712873438615.5,81217417637.87991,6.737263920362e+17,True,True,True,-0.02905556375945471,0.9935470622489617,1.990099921534666
1.0,41,-94806791.5015622,-283284522.7423275,1228435680.3783178,398740418738814.8,1.0637521030579164e+16,8.674194339077948e+17,True,True,True,-0.008860850523696156,0.9651016359766418,2.002968705862503
1.0,42,-398010186.75662893,-138700582.04981646,-156403188.9085394,2.333021286505312e+17,9873496920649132.0,1.4157056279484834e+16,True,True,True,-0.034896876039489405,1.0131363646255673,1.9839167391933992
1.0,43,-2.5449114286122674,-2.2417133857216403,-0.550869973622092,2.4780553878105875,3.1689953642011157,2.583844404590226,True,True,True,0.023498943299487332,0.9919306007535327,1.973409574096216
1.0,44,-32215900.14387986,52940577.51377761,1454935576.0232801,11791382458005.365,52326242058476.09,1.08613721993598e+18,True,True,True,-0.05315522046880133,0.9894757031208135,1.9733174202379764
1.0,45,-255.6405812080627,-178.6368793408172,35.22951662511577,46523.231046410576,16241.176447724478,129.1037203153868,True,True,True,-0.044763767040279914,1.017581218517031,1.974617176473052
1.0,46,2.141784919395018,0.2208572021471667,2.8199480738886518,1.792330338224392,1.3218712802926895,4.266450527803682,True,True,True,-0.04658845990334304,1.019085752120434,1.9756959278906778
1.0,47,-385696042.173488,-386612681.94709265,948085275.857468,3.5845493144364276e+16,3.610167083712376e+16,5.3240388513985254e+17,True,True,True,0.02454412402550568,0.986011677111831,2.0005072430963495
1.0,48,1812730190.09324,1138043503.7940073,2537141798.6238055,4.043115470467742e+17,1.0004450411873624e+17,1.1085387065951662e+18,True,True,True,0.015050186219777828,0.9933273445962914,2.0392274061279103
1.0,49,-3.1317408659608446,-1.8737906082729554,0.440797593823864,5.672624755063791,2.2197861142864355,3.765405421280832,True,True,True,0.012336344521633687,0.9818799903571112,1.9975388501153095
1.0,50,-0.2861284124774199,-3.4714839361088097,2.5510330202251823,1.6152149902139417,6.122004942401122,2.2169777050780053,True,True,True,0.029351051909613325,0.9698656149189178,1.9888201088188586
1.0,51,883868828.342471,1532953788.4149365,4015321525.319817,2.6820738715703484e+16,1.3992472679457197e+17,2.514596217060405e+18,True,True,True,0.0329511681201375,0.9827688343066456,1.927881586611436
1.0,52,-15.771405804292323,2.7293989186870773,-0.36833221046664094,97.47675222113241,2.9736933270089816,1.6558396656372076,True,True,True,0.03994164400575527,0.9529731313438814,1.9799715234878588
1.0,53,-467086182.17658436,-392024412.7586248,-15482032.874926962,2.048181267076687e+17,1.2109234112220613e+17,7458682712564.477,True,True,True,-0.013706939724560427,0.997872267987761,1.9901994730317774
1.0,54,484644263.9874999,929900264.872457,563811392.0492079,6.005940882045928e+16,4.242490895671792e+17,9.456128332287637e+16,True,True,True,-0.03412291988400994,0.9976851244581333,1.9753652331547988
1.0,55,769915306.8195274,-1061124998.5753795,1004792843.066268,1.2509922193967085e+17,3.275106165255382e+17,2.7807077111788166e+17,True,True,True,-0.030562197585217537,1.032658467421656,1.9934996789625887
1.0,56,6.377743970731757,2.990641597711011,4.5067528703475945,17.88758677615461,3.3901786658048696,4.3610221166554854,True,True,True,-0.008357379965339112,0.9688402856785436,2.0384024029634515
1.0,57,0.7866942189694732,-1.7550345093464517,2.2380533551423643,1.8267056495309844,2.3528116960527843,1.2880225998941852,True,True,True,-0.009273226049630011,1.0057135002878588,2.043621568805233
1.0,58,-35254313.11860335,-434290938.18529046,-123570405.54094023,159755026304789.5,2.98648281063956e+17,6879567596815552.0,True,True,True,-0.009044239284061253,0.988018660490437,2.048008759811154
1.0,59,253574285.30044168,1431728639.6597981,-1964929202.625295,2040792799831617.8,3.673376174631211e+17,9.49563448313209e+17,True,True,True,-0.02179305756666375,0.9713479910465921,2.0068471115695674
1.0,60,-0.21938133839070165,-0.40195759185414304,0.8878486534987043,1.1639892743738338,1.4579814896984402,1.6201784329004476,True,True,True,-0.0033297208981221023,1.033484366080182,2.030906050287195
1.0,61,-434355265.1045544,-764311027.3745011,2312150640.148819,1.001594030717902e+16,5.457161848961433e+16,1.5107924681755653e+18,True,True,True,0.03030754769137459,0.963064906587596,1.9752907212870445
1.0,62,2.832499802151315,1.0349207138442347,1.7464700587265714,4.779566257889176,2.579438113763211,1.066259434193244,True,True,True,-0.023012814251942352,0.968849861179955,2.0012002077193247
1.0,63,-1670107707.0971863,892833064.8322107,3179224027.181107,2.544106214761754e+17,3.886982392665406e+16,1.7549517032719875e+18,True,True,True,0.014842501953072212,0.9723912938187746,1.9931229027418174
1.0,64,61.25565099912667,103.23544879859261,38.33554908738338,396.98656203006243,1649.6710612242334,98.38891637593662,True,True,True,0.0034826826541504985,1.0473325971392267,2.0027545171676167
1.0,65,0.34048851610585135,-0.29023434451899094,2.8345048969700226,1.1373236489288745,1.1968121111688046,2.5058642924313816,True,True,True,0.0012256577091040444,0.9836133107483507,1.9544620224497866
1.0,66,2351666527.039406,-1339031970.4315095,1518290584.5525615,1.0101699051752682e+18,1.8648334983921693e+17,2.7185161129125117e+17,True,True,True,-0.013673081606863405,0.9174697900491692,2.037987145163325
1.0,67,344574085.19989115,-122043887.5208926,134548870.55812868,2.0165373377797053e+17,8959969467009646.0,1.200600707461647e+16,True,True,True,0.05347140309804964,1.0129548767591265,1.9688327930326395
1.0,68,1.099792955644168,1.1626074375592996,1.904811016675762,1.6733716727321384,1.3619038595347772,1.496990585493973,True,True,True,-0.016963321631747793,0.9637359195899183,2.0752375338422038
1.0,69,150122917.58772257,1766215780.1621642,-801986825.6995329,668460980084553.6,1.0885947410469943e+18,1.0191466274939707e+17,True,True,True,0.05069178384870895,1.02616295526376,2.0428568199893617
1.0,70,7.032303763269601,3.3978915512494936,4.277905505897779,10.609561848544434,2.8445479374935085,2.6791708428603065,True,True,True,0.00844859384253122,1.040558692495731,1.9827609297095377
1.0,71,-1892680644.109594,2001220394.6713297,-1672550057.6696417,4.882842351453897e+17,5.771988272456694e+17,3.369597707451037e+17,True,True,True,-0.04913227726102934,0.9769097417941273,2.019364673325203
1.0,72,-49444373.89531353,-361950781.4214149,327229543.1969917,375841956264453.44,1.474358749349284e+17,1.0894621117896826e+17,True,True,True,0.006018226968365556,1.0517126352336434,2.0060553458310046
1.0,73,-2.920656142811631,5.794911227889677,3.6475221259209767,3.898077371718506,6.510483972943829,3.475933315942247,True,True,True,0.028426446212701875,1.0474821961365208,1.9976107948056825
1.0,74,131.85299301807996,304.79131442945504,1061.6293121597193,364.8224756583694,3491.715642417622,142445.21427277918,True,True,True,-0.030022241752314414,0.9808646392473557,1.9960741989582904
1.0,75,0.3584983981487357,1.380240761814251,-1.9390144315496092,2.5185125546788187,1.0129320209148147,2.2162654130503863,True,True,True,-0.023702892961156567,1.0163781771314557,2.0039780613387976
1.0,76,-133291001.41355534,367500490.151373,-728031003.0839173,2593605586175588.5,5.43594655925071e+16,4.2262096410889114e+17,True,True,True,-0.0031725285842299222,0.9460773847403817,1.9944608958176853
1.0,77,-822361768.1431226,369570034.8786843,469353340.77493,4.0257989065496896e+17,3.653874279858638e+16,7.484504903470821e+16,True,True,True,0.052269838339559664,1.035089081482517,2.0180910515719486
1.0,78,-18175068.640256718,-76741328.25756468,-1686426.808865956,721602111380767.2,5.4319736324297624e+16,576464402628.7517,True,True,True,0.010138230983918944,0.9738522953403872,2.0298935499689184
1.0,79,1567613636.225239,-1682199924.0329494,946019381.0209565,4.660202542221576e+17,5.758647855641629e+17,1.0242071335196227e+17,True,True,True,0.02646084475259472,0.9544668091553667,2.0212102815275124
1.0,80,-514487542.24575245,-167952275.60465848,-72072150.84733279,3.416575610642785e+17,1.188568315025294e+16,939223457474692.0,True,True,True,-0.009190273765383943,0.9707061914560897,2.0242638541351043
1.0,81,7.937854878737445,2.707083495431073,2.768349223657063,81.03549181792928,1.5044628569369924,10.415231113757992,True,True,True,0.07887235254796995,1.013004300286802,2.0587943438136156
1.0,82,243278538.23938927,2312403159.364611,1265438701.4213963,1536605285107493.2,1.3195977515981645e+18,2.1625902595810358e+17,True,True,True,0.005570170591307332,0.9842486019241441,2.0072928812384894
1.0,83,-2118810151.1767938,930560425.799674,2310126212.568727,6.653436992534212e+17,5.636423950162748e+16,8.623370319040573e+17,True,True,True,0.02735644611919667,0.9736272307362106,1.9944865636060505
1.0,84,-4.27909519305885,3.324201206080988,3.7104039167936285,6.569479669424343,2.371183910346256,2.626341207626516,True,True,True,0.010382925453735294,0.9953699202221621,2.027161556102962
1.0,85,-320435116.19510037,-118044505.15001133,1283510480.0395734,1.3949121459698386e+16,697371016013732.5,8.964473425304562e+17,True,True,True,-0.03698619560224215,1.0002019787564542,1.9841441927357453
1.0,86,156382271.4704649,-188418521.71193096,48794562.81649015,4.5881576205306744e+16,8.025028130532266e+16,1393766578262363.8,True,True,True,-0.008308058561223741,1.0534133069338043,2.0442736696392982
1.0,87,340204772.7823595,1585087932.0589395,1370321752.242374,6535153616777412.0,6.609896636064689e+17,4.270731251569468e+17,True,True,True,-0.0065537607799299406,0.9927333708659033,2.006918496449232
1.0,88,-186017338.74593613,116213385.60912524,726021803.5725988,8368696310766955.0,2040638102345557.0,4.9756120834308045e+17,True,True,True,-0.01618817253852355,1.0305657570598656,2.0113215929209836
1.0,89,355961459.062258,65398202.44249235,-146164698.04874367,2.2140927783351222e+17,1373043517007617.0,1.5329019812719224e+16,True,True,True,-0.021516470517599775,0.9905260335308594,1.979451285794167
1.0,90,264859031.74626648,-701764116.8047422,1318423028.6623292,6039233803517345.0,1.1233392994686962e+17,7.449065943026842e+17,True,True,True,0.022441341350596944,1.0165267835955518,1.996330694573468
1.0,91,-4.046518867651703,-0.15801392354902682,6.201086228921895,6.904983865295285,0.8807069900884261,8.081634021266378,True,True,True,-0.0019468681849967983,0.9669582715554826,1.9629149757480144
1.0,92,-3.229303529899928,1.7913752462564576,-0.0001348384137524826,3.9452169551444483,3.236384031603904,2.5115952149795486,True,True,True,-0.02794481815461274,0.9806980065207357,2.0127953584060547
1.0,93,-2634007362.365532,3051740665.0784535,-87564089.57644387,8.406036105221518e+17,1.3073238127139123e+18,30882958935739.67,True,True,True,-0.015281884678348363,1.0755765252405822,1.9908108983104493
1.0,94,109963097.16573685,474751412.8052207,-205263789.56049958,3556396242655958.5,2.8619895989096522e+17,2.3131632569887276e+16,True,True,True,-0.03081608244510347,0.9411410139698252,2.025039048156403
1.0,95,126169657.88234334,199365354.05927742,23653796.952271506,2.671559310355137e+16,1.0540205972323446e+17,176036468075034.8,True,True,True,-0.004851164508166441,0.9394696539316039,2.0290913857051622
1.0,96,-0.5418117127640956,2.5865470553216867,0.9296967923517072,1.178794260672093,49.375243045876495,2.5191391430983043,True,True,True,-0.011675478839931468,0.9271740483812692,2.02079459732679
1.0,97,-73929771.94206043,-994011403.4286228,1765877647.305094,73493571037063.23,1.7863442698026192e+17,1.0015505782068202e+18,True,True,True,-0.032580720340590535,1.0138226169946583,2.0356671637340535
1.0,98,-1.9308156869946413,3.0828886302335268,2.950925900916056,1.4402925277130683,4.86303968462325,4.181269421777191,True,True,True,-0.028451321211255626,1.02803625591112,1.99738830277564
1.0,99,-537970537.7528666,9056853.598603832,1359729163.340654,5.445318561685116e+16,259827092909.75903,8.792351615076219e+17,True,True,True,-0.02318822544673813,1.0266351352225662,2.023357034788974
2.0,0,1.3607393365339435,-0.8253835686806565,6.9582340246126515,0.9155218769617857,2.820611585203448,19.049958013080293,True,True,True,-0.03716999887759564,1.003261358130747,2.008043788018295
2.0,1,0.9960388288514417,0.15105775854728426,1.990325267409965,3.947405930372619,0.8687031484886638,1.8677457717252643,True,True,True,-0.0029721061692513998,0.9856115306237794,2.0434324192621345
2.0,2,2.447195088581176,0.8509686451456724,2.0017561646414284,1.9616084112628596,1.4714178909961606,0.9325889437990105,True,True,True,0.010989415841444881,0.9317286293734778,1.9930832137583945
2.0,3,0.3164773516530984,3.8056229922933444,3.3279185428920735,0.5917486881222253,1.3189817530764854,1.877834175825004,True,False,True,0.0002387302620665971,0.9945917208483341,1.9443433662856855
2.0,4,-1.0423148244057852,1.0781848406347039,-1.1070042533031639,1.5168266403832007,0.8869018002734151,1.8850709488364845,True,True,True,0.04566149573133363,1.0040805219671878,1.9357350961125488
2.0,5,0.38838276168908986,3.327190636520398,3.991711126606204,2.524405016208604,1.45338597831456,2.314653674830997,True,True,True,-0.00580899429318679,0.9935522814349709,2.0169128136636605
2.0,6,0.33651682017341994,1.7131251084024082,5.832707968345208,0.647163511879138,1.060539617226039,4.028555726816575,True,True,True,-0.022023674179957417,1.0381232045907216,2.057677797053947
2.0,7,-1.2076368668732047,0.6684269056168533,4.629554994590504,0.8262340187520351,1.9122646879921756,2.2119685212089792,True,True,True,-0.01634095167875721,0.9527447519508173,2.002466842097263
2.0,8,-1.2030809546402126,0.3778806846990815,2.5312602288252295,0.9833513641582655,0.7053612335445353,0.8375266706199173,True,True,True,0.014496325312042792,1.044641544523516,1.9726373340691792
2.0,9,1.0440366090530273,0.7066839335446927,2.253797579459212,0.8668798561644019,0.8843390765544695,0.9512507375039251,True,True,True,-0.015566753649382132,1.0391887301243974,1.9735148130843942
2.0,10,-0.17018355218865588,1.8678208625481831,3.7301436894414675,0.9080165695198347,1.501325353448925,2.2354286680047326,True,True,True,0.05663678882505001,1.051909215911684,1.95126527966232
2.0,11,0.16341834045316364,0.9299338622416768,0.0017921541046283412,0.6650251613127786,0.5680768544574124,0.884099879982418,True,True,False,0.05159078307495985,1.0200559098626707,2.018788399674862
2.0,12,-0.8511742788511393,-0.33785949082082495,2.6990957449421353,1.186813668914735,2.1894430441639168,1.9576770449261072,True,True,True,0.048075384940788814,1.00849833484718,2.0210078644321583
2.0,13,-3.6204077886100676,2.2635301509594727,2.958959384048518,2.7320069174447297,2.18367575386327,1.0537293295224324,True,True,True,0.009915960708350269,1.0484073235218132,1.971151114720526
2.0,14,214336322.40781993,-110466472.32751349,136809004.12167484,4.790571031706995e+16,6558302363129077.0,1.2457875999933664e+16,True,True,True,-0.046870540150095424,0.9725827381460288,1.9944629184781728
2.0,15,0.48518922426931244,0.8927740919396662,0.4676508145512741,0.6637628754173129,1.4216054593503336,0.9756769696194331,True,True,True,0.005056296963984588,1.0014334210305726,1.9923889941970172
2.0,16,-1.8113256761944465,0.27595073231238276,1.916766675518028,0.941919442915873,0.9396306253528701,0.8145666145024405,True,True,True,0.031293750923037045,0.9366851410432073,1.9996575065877997
2.0,17,-6.0492332872321,7.03993011549838,1.883703784520216,5.671029835769502,7.598437519934863,0.7879869956652726,True,True,True,0.0071058618782381955,0.975581120230264,2.005972026223861
2.0,18,0.7693109953116531,4.791750193315077,0.12835118560823522,1.023595200547592,4.184263932994536,0.6206629067119628,True,True,False,0.004266770375945996,1.0089551107325383,1.9687102223406268
2.0,19,-2.2499157840699557,0.09765605856085748,3.7060405446367737,1.8961955391342278,0.46522691824631074,2.4049050903434765,True,True,True,0.007043758518725452,0.9540065025334677,2.032052880365997
2.0,20,-5.766545290952158,-1.8001724966874073,7.888855565815883,7.288996635841651,1.4525411683854028,9.479656240067957,True,True,True,0.011686909451912243,0.9984160801159103,1.9874548561812304
2.0,21,-3.6528702583480133,-0.10911402840946792,2.2083859860074373,3.4789311476971347,0.5643200095697352,1.2641695225207472,True,False,True,0.0005087054974723809,1.0279664893168028,1.9549283003651354
2.0,22,-1.337069306149147,-0.47678276177789075,2.7057651491940424,0.9102036417757096,0.4934900358058439,1.4776235146716614,True,False,True,0.04938151805465334,0.9443907232200258,1.9469389280684934
2.0,23,0.09921371353628392,1.747033590237253,0.17946307072646467,0.49930885905194833,1.3846144726734837,0.581823833524315,True,True,False,0.015267337591177377,0.9849429074558436,1.9971349146569848
2.0,24,1.6066174920815952,-0.7236421672287022,1.8553567077761124,1.4029268210351156,0.9065377063968426,0.9844763557768526,True,True,True,-0.017662710098451703,0.9869486758484082,1.9691863225400472
2.0,25,0.46135621720355935,1.1640811210137418,3.1717445126821286,1.0579348153752781,1.1750620507448146,2.1369257596429216,True,True,True,0.04727095530868308,1.0077521542272796,1.9672982456080619
2.0,26,-0.7479466751485051,0.08793720573402808,0.1179594109420758,1.4243446992876674,0.8305221001682987,2.138429699978616,True,True,True,-0.00530443644856428,0.9592291446355813,2.0792642141894455
2.0,27,1.6707198510460959,4.553007522663704,1.492492491122546,0.8145097229520579,5.037228059989213,0.7964571758286688,False,True,True,-0.02694447815275993,1.024412079584893,1.9874807234597236
2.0,28,-6.2002017393477535,-12.363915534817497,30.245208691186836,2.9597768315576984,11.64268902615812,107.78091262015961,False,True,True,-0.017990103898139265,1.000074714814939,1.9182152049936168
2.0,29,-2.14795442532291,2.0164351749142906,1.5605080718904065,3.10789972884415,1.434693785869539,0.7480828431992538,True,True,True,-0.025822273336202815,1.024274474825995,1.9767289201277622
2.0,30,1.0902747328124656,1.5290419343630728,1.9671402257129194,1.7000724683814616,1.7093852110025318,1.5582185247173328,True,True,True,-0.0019651957466406828,0.9993146592396536,1.9938133340274526
2.0,31,-258627660.02880156,-458828410.3802516,102226116.29745047,2.2471849870531868e+16,1.2547720177471685e+17,1387712468400101.8,True,True,True,0.03399413720414463,1.0300202523134867,2.0404166474681777
2.0,32,0.43702824740695245,0.5853981277021632,0.5827758347363998,1.410295400150681,0.8929908973076934,0.6502837810424816,True,True,False,0.0229195187853653,1.0415148121574902,2.0434908460035484
2.0,33,-0.10604647492476987,-2.354829386264333,4.802144906037903,0.7765457884351452,3.2693161276114875,3.2354860861003343,True,True,True,-0.008599029180790703,0.9996218742055368,1.9821516830181274
2.0,34,0.10177944874992607,-0.18586364868009497,1.9003429123887121,0.7181200616547447,0.6724854873900836,1.0460602625726905,True,True,True,-0.008431339660163517,1.0589794353415387,1.9406974586328303
2.0,35,1.8348590105096523,0.47096611029129243,0.6086559091388557,1.4845321678108188,0.6648568958728279,0.6396428115026221,True,True,False,0.023372883041805605,0.9567999440218833,1.9912495488933608
2.0,36,0.32484900062216737,0.4787911815062372,1.356909675982609,0.6148524166365834,1.342109555454469,1.0374792057454232,True,True,True,-0.03335787634870176,0.9821018019778603,1.93999071503848
2.0,37,-1.330125119541921,0.33991224735390757,2.303898305703932,1.1229584511714472,0.7650209284180091,2.3150136165146558,True,True,True,0.07182637661017761,0.9363164555401278,1.9676174697373043
2.0,38,14.16823452257019,1.8522527345944373,11.368914328633158,40.58660224970419,1.1711120841776557,12.136539663033753,True,True,True,-0.02497679035855354,0.9858935770952619,2.027771065964099
2.0,39,475466175.01126117,34562169.966357015,-306305616.91471493,1.2518030137109757e+17,48081749916682.586,3.3468943055479388e+16,True,True,True,-0.003728133124815961,1.0569729053027874,1.977699835349101
2.0,40,-1.4963804568213046,1.1890794638843454,1.266850512701178,1.4524382989246611,1.0069770968532954,0.7225387435103539,True,True,True,0.08937582430000919,0.9672363938551206,2.0596864617264834
2.0,41,-1.8987330701663965,0.8756341835500369,1.84577009780507,2.8003264806935917,0.8292554689821288,1.4316014143223057,True,True,True,-0.046193837588583635,1.0158152649287029,2.02752819324153
2.0,42,-4.989297760221219,8.5596774123254,-0.1645446377872649,2.9583521216803335,18.713986904551575,1.3096240515035187,True,True,True,-0.012947712806824524,1.0209825615178323,2.063477535967413
2.0,43,-0.7661941077934996,3.550032554299418,5.775570966499616,0.7976607686264602,2.8905401295940094,4.830459157694785,True,True,True,-0.04102491401024982,1.008979210441415,2.014796781241713
2.0,44,-1.2872954216283938,0.9436859655262249,1.1944306552811093,1.0456105111951997,0.819533828286017,0.6015254100620019,True,True,True,0.008739196436657,0.99831837552145,1.95176700435051
2.0,45,1.2556400581611926,0.6412434447551764,3.5231658700197492,1.5599525438582416,0.6621037579038775,2.6409468291127927,True,True,True,-0.013461088209302037,0.9406018956404155,2.0458955625558666
2.0,46,9.172477169223058,2.075935413143264,11.695275493285301,14.892108212590859,1.68532017614813,24.06333403894003,True,True,True,0.01681775530055883,0.9553645303871238,2.08105662581522
2.0,47,-1951257032.551902,678937049.8415396,259924859.22484025,6.4070820829341e+17,2.699015458892226e+16,1514468724351017.8,True,True,True,0.06470294107860794,0.9754727228420689,2.036134597793695
2.0,48,-6.770245207242657,1.5440264769754088,4.635623882296396,9.421471994076123,1.0362028301908757,3.247972777358497,True,True,True,0.014421006342061714,0.9128526799045098,2.0184963947815735
2.0,49,1.6793848132417724,0.441921355443649,5.2919901677622585,0.9771921982971271,2.1746549087599023,2.776222233425715,True,True,True,-0.051263400674882866,0.9403630638230356,1.9698101458000354
2.0,50,0.91082133391292,4.809546071367244,7.289523984778412,1.5417826250050874,2.719873519790348,10.400190967085665,True,True,True,-0.0021971762635430506,0.9582401812254236,1.9582305973313856
2.0,51,-1.6626226089547436,3.56345007643131,0.02139282325838295,1.8289148367730494,3.492529222649828,1.2010646674862429,True,True,True,-0.017399699578766786,1.0566225069229231,1.9906043250312724
2.0,52,0.1634265604708129,0.2324172713623501,0.889267061742386,2.1639757450073414,0.6412271218981186,1.4875564105203138,True,True,True,-0.08536437844320303,0.9840868078890675,2.060098968912734
2.0,53,0.6297198103444984,0.4976714406934461,3.074700957285517,0.8014616331112151,0.6140007072206132,1.6527719699468013,True,True,True,0.032369973462217205,0.9672684655513417,2.0130664420767337
2.0,54,-0.12263424646106003,3.223985855453449,2.710622175513316,1.0131832594750436,2.1674700534750446,1.1038655382662093,True,True,True,-0.03990335730385951,0.9882601373619371,2.016998483204372
2.0,55,0.03289954418524683,2.604727080272666,-0.6945663844997697,1.6425188564299626,3.5108749665975574,1.3874905234591812,True,True,True,0.015134567201390172,1.026063121116668,2.004937287524085
2.0,56,-0.07618051831818573,1.3141233292951238,1.279185629782236,0.9494563234552822,1.410480174727104,0.9686645316812081,True,True,True,-0.02847847780139431,0.996009855672524,1.9762665401859059
2.0,57,-14.558541450918874,-8.580192875211894,15.400760621899991,41.44067186520777,8.93905810396854,39.882273613903024,True,True,True,0.07381178899704609,0.9787202557241687,2.0087428685093753
2.0,58,0.21097721951869425,1.555471050506906,2.083320082760964,1.1826325942202476,1.0434138850419121,1.3019118659231235,True,True,True,-0.0003646200663941779,0.9736269915611653,2.0327874140747735
2.0,59,-0.09330229085836232,-0.5212013525621343,2.6837637046197065,0.5061103217766593,1.0030944549091565,1.437374699572985,True,True,True,-0.03908686445005577,0.9607743107563376,1.9281118038026714
2.0,60,0.7388794148352075,0.18556085833035624,5.184796692528744,1.755152965765488,0.662788683433231,2.5198247148421777,True,True,True,0.020561202385933102,0.9729842661321618,2.0143732187741596
2.0,61,-0.1431512420942412,0.06716061634100523,1.4640121731992999,0.6664048107380888,1.2033075542195266,1.2518998742589071,True,True,True,-0.028398498030961304,1.0328053018985435,2.009469822894068
2.0,62,1.4425738886061819,1.842938752519729,5.065988016469318,0.7709357035463412,0.9637788606102669,2.7720900879355725,True,True,True,0.06621667517414828,1.0410559523308252,2.0042672949637557
2.0,63,1.8642665232707878,4.113716979735573,1.189722703215526,3.658421433665298,2.5121042931626145,1.0399787539966947,True,True,True,0.03162967084440979,1.0131101965161682,2.0025145432105314
2.0,64,273485177.7554482,1147132528.0770478,-174974844.94498792,5381542315810274.0,3.971422425357605e+17,1409393271633659.0,True,True,True,-0.014525770625710838,1.0286223888783907,2.005096796628373
2.0,65,0.474575838987784,0.5331210812282814,0.8010980824478323,0.5357264677799107,1.6355009167279184,1.3739853510021698,True,True,True,0.0405256537925288,0.9906852120121377,1.9490147556189845
2.0,66,1134540317.2359617,681489337.8083879,1674953441.2921283,1.1983163410782598e+17,2.597101239390223e+16,3.8558479284618746e+17,True,True,True,-0.027374136891870064,0.9935604253971153,1.974842870742422
2.0,67,0.4551944551859969,0.7730654442745923,0.9418461184590518,0.6609993623668534,0.4765910588728999,0.8005226246862853,True,True,True,0.011075026168027222,0.9949829615235656,1.9902606877566127
2.0,68,0.8140582794879843,4.527204007965058,2.2479631707134184,0.6030864486425688,5.350335993666894,1.1417954321698949,True,True,True,0.017521008416582183,1.0223521051408468,1.9703534658380981
2.0,69,-3.7765570519602725,-5.798160665135553,11.65305857018271,1.5046783092572669,4.332321827208908,21.861446530593007,False,True,True,-0.014875824569789933,1.018632635217304,1.9886564365770638
2.0,70,-0.33326575707019984,3.6678125771223127,2.2785797986744765,0.7459825372262463,4.106950328646008,1.084545714519856,True,True,True,0.05159554562523784,0.9811240850462226,2.0387761850980057
2.0,71,-0.8871616609032812,1.7430127526145767,4.43570263415006,1.8118585774161473,1.3134560841499427,3.9299435160860523,True,True,True,0.033226347969088535,0.9779020341905317,1.96784013325286
2.0,72,-3.277249722091997,-1.0294485403031426,1.5942868107335768,4.032304311021943,1.3633375053803225,0.8914654871859329,True,True,True,-0.0008228571031773484,0.9470084675900605,1.974741967414496
2.0,73,-0.9283268022351789,0.9824710849669415,0.9075719078925475,0.7981940486679951,1.2132353615528912,0.9540828055997006,True,True,True,0.03886253131721826,0.9693618106099302,1.9495067775210173
2.0,74,-0.5533100358039792,0.6749760136324352,2.071438198390607,0.7325839644963417,1.0588653622763797,1.14122107365948,True,True,True,-0.0005021235337846104,0.9610492541850533,2.033105148969984
2.0,75,-0.5511357942157853,0.6396987805519698,1.943505859209647,0.7582342475503246,0.713502598161851,1.1732043860974832,True,True,True,0.022481808635278946,0.9765475723066002,1.9608117472640703
2.0,76,0.9063806437669554,-1.1385788883694847,0.8256881127240281,1.3251296909654111,1.9081500348368883,0.849177511129903,True,True,True,0.006539904136213814,1.0039532375171258,1.9824350083156381
2.0,77,-1.0253690311221997,1.62537583719102,1.3124675115322002,0.8394502862140764,1.0538050465716644,0.9912079752960158,True,True,True,-0.019006756576154877,1.0396463471902582,2.0005509177371814
2.0,78,-1.5649941838624275,1.5650182093449398,1.130497395915612,3.5968838458210928,1.5456823789803453,1.3583006808696994,True,True,True,0.029012268556316195,0.9986900514476551,1.9627577404361143
2.0,79,15.349111132575597,-25.373357914199815,5.512982474673895,72.6683697040572,267.89375985450664,2.432074243486875,True,True,True,-0.012823713563230997,0.9793543726485928,2.043485076355861
2.0,80,1.0665221078781093,-0.5779911278022416,3.5461756397270796,1.0578139390450738,0.7324062389496064,1.850197761387436,True,False,True,-0.03824135976237457,1.0111979984353963,2.002011896203727
2.0,81,2.0943615133527613,2.175287787878599,3.732438728584448,3.065784763418461,2.0268069622364084,4.574299775522033,True,True,True,-0.06962525679251419,0.9525920977045932,1.9761517847187897
2.0,82,-0.26681417165013377,-0.42994490184494966,3.366312266101595,0.6235740306046987,0.9043238402457063,1.8022237404173347,True,True,True,0.054326880751679976,1.0031029659235795,1.9783062212283482
2.0,83,2.7341922815513513,2.865242034842642,2.6240653667461054,1.4877643173156945,1.4447984777241516,1.2795251523412765,True,True,True,0.03674442122236911,0.9839674854863623,2.030777127777233
2.0,84,-1.5145222149863855,0.2878002121114689,1.3956089330278865,0.807528559578759,0.9479216764521603,0.9276438385929132,True,True,True,0.05045046343264384,0.9572976217797926,2.0310300347417605
2.0,85,2.6095723286372774,2.167386290167709,3.106512633332904,1.7046110186184649,1.357288115231002,1.4826297765280883,True,True,True,0.009637095268335935,0.9982188780446489,1.9625913754223323
2.0,86,1.0286385692512559,1.5674437657007914,2.2318663280691498,2.0926735758811232,3.06098264998209,2.1388324770438767,True,True,True,-0.0031366197996342323,0.9649921274670032,1.9805643895696154
2.0,87,1.138077335123472,2.4849094515316614,2.138699515427637,1.059273536486291,1.8806703005753937,2.1317548780230653,True,True,True,0.002657082303460158,0.9714801143118098,1.9743658044724275
2.0,88,906525682.8342541,-531130389.5654679,829365642.5302777,1.554764025501075e+17,3.1269979695282396e+16,1.1905900983127117e+17,True,True,True,-0.02749067747162355,0.9736512046503785,1.9971693650368287
2.0,89,-0.37509757773103986,0.4804150843286932,0.6855307271289228,0.8205096880707731,0.6654885521650636,0.6181721103571606,True,True,False,0.051809740846898183,1.0027734038105671,2.047764834612914
2.0,90,0.26384388898675853,-0.13838364520655358,3.713106719212209,1.1664541033395313,0.7635912676084321,2.196961637129768,True,True,True,0.07022721376939484,0.9940750659409961,1.9894565111264195
2.0,91,-0.12115283552337912,0.6357766106613542,1.2384381755922909,1.3007958393879837,1.0691256746627493,0.6432685592994255,True,True,True,0.011539623967230682,1.0344752485104494,2.0254404478232213
2.0,92,-2.452470781355523,2.8502564498521603,1.1678194075404456,1.4440338108056103,0.9870346319339498,0.6336059805834682,True,True,True,0.01921930365622649,1.0204263056542573,1.988639368679218
2.0,93,-227041714.35601443,735773244.7114049,-52931321.2992778,7346471694909130.0,2.5003097414985805e+17,93089400919080.44,True,True,True,0.027753181507272927,1.016689502102024,2.004701057683321
2.0,94,1.116439353086968,-1.154961334147947,-0.3313028700158196,1.0550563640187918,1.060430065847622,1.1796330177698287,True,False,False,0.019598536557815623,0.9157228325413098,1.9598098752774988
2.0,95,0.03130603555954553,0.9363910719581614,4.050462326968713,0.50060578417819,0.6301154637693612,2.022186043451484,True,True,True,-0.03595105516785452,1.0549999077382992,1.9911029173979466
2.0,96,1.1640490259556724,2.134037115972148,3.2979148981803585,1.1697205225509058,1.4387746450408052,1.8574344559273785,True,True,True,-0.03514172358340255,1.02997189556319,1.9943315284331504
2.0,97,-0.6619877264243859,0.7366890717246442,2.9061459111530024,0.8037736912671632,0.5614949748449917,1.4530514808393247,True,True,True,0.017368860422455508,1.032427747326953,1.9792059605548218
2.0,98,-3.9208674614688896,3.119767622340831,3.7200504624993487,2.279302960873767,2.223284820694819,1.9751731598550852,True,True,True,0.027274421481530815,1.0241725064368097,1.985007886377808
2.0,99,8.235506204062668,5.678579879273881,0.22332644567845153,9.74949666910848,4.156931748143821,1.1563035452327388,True,True,True,-0.01831730972906758,0.982924330976005,2.0793100811633067
5.0,0,-0.2168744598607183,0.18456527285046648,2.262421061020782,0.42465349071205216,0.29200232638141055,0.47919760639037057,True,False,True,-0.08346037919104651,0.9661742295334139,2.0566219787193623
5.0,1,0.13991611875284513,0.5149145906224528,2.305552840943667,0.30421036121032446,0.36738045179343615,0.4818443844364431,True,True,True,-0.0008154204710734414,0.9637436695029014,2.0013899452022974
5.0,2,0.6475111264158785,0.18855386806185134,1.9630522443684444,0.37956224628131624,0.28977274665738817,0.44638969509455456,True,False,True,-0.03027441542907288,1.0244911088005644,1.986844120340554
5.0,3,0.17963938118407907,1.287174704526083,1.688156242080653,0.415137927131301,0.3284842727082119,0.38369225908726234,True,True,True,0.03929919251807819,0.9915129449145499,2.04271065642019
5.0,4,-0.3178429386728674,0.6258516180812481,1.550529664104915,0.2943775293864002,0.3034749246929524,0.33071368201479734,True,True,True,0.016587433705395428,0.9702483119894929,1.9798642143970033
5.0,5,0.06992600693210871,0.836549402756889,1.4934128577428698,0.36439966546685715,0.336198618331676,0.3729106706517284,True,True,True,0.019135007409680094,1.0136742237037808,2.01613515781159
5.0,6,-0.09429773437627234,0.8860573772028889,2.4479689190078635,0.3323539879536158,0.4842349065617092,0.5132698281694185,True,True,True,-0.026422634010044004,1.0211392802973742,1.9473315162091571
5.0,7,0.2717738739722588,0.7284706973058767,1.7776563302093347,0.42486561795908406,0.38886925218564017,0.43606940737156197,True,True,True,-0.014103177100829985,1.0115434019126475,1.9800535109795863
5.0,8,-0.007454002705357255,0.5292238951501148,1.7336691800682582,0.29177089602060774,0.37069808025459877,0.36019156520829515,True,True,True,0.024101189603100946,0.9477957819735163,1.964331152140244
5.0,9,0.1134334467623518,0.4194662052595211,2.33938928816882,0.4158789447433004,0.37359853057092607,0.6195339819089615,True,True,True,-0.005896362494354466,0.9573280536719398,1.9703174339490994
5.0,10,-0.11360257084971802,1.560861815789764,2.9502738713293395,0.350717533045531,0.400022255835359,0.7455273900698719,True,True,True,-0.03181146227999089,1.047136031127581,1.9894401441682605
5.0,11,-1.6164092843213467,1.3102266923039376,1.911204004032638,0.6662688513560283,0.4997160335151115,0.43681285182318264,False,True,True,0.014577313731284881,1.052087629893848,2.007130042524836
5.0,12,0.4010358146529409,0.7012086132399602,1.7074698534294324,0.40946439822391506,0.27084289406844897,0.4105022401110964,True,True,True,-0.010744131413402379,1.0136006771047634,1.978840092884475
5.0,13,0.19724552827697894,1.3820062291388298,1.9568646679331243,0.32502635659758483,0.3487904562033198,0.478174916397801,True,True,True,-0.00950383459472623,1.0323253302469064,1.9867962122062706
5.0,14,-0.5083823951278813,1.172846562529055,2.303916743324797,0.36749082879511774,0.4055146511872265,0.48760340655020135,True,True,True,0.00010340415568880351,1.0300350366952524,1.9732169420669894
5.0,15,0.3696612327647346,0.9457685392284614,3.1781649332744824,0.30759758160178857,0.5161787295220506,0.6934136610495633,True,True,True,0.013718655276691522,1.041408108362061,2.047289015767679
5.0,16,0.6127009995772743,1.1464344793087298,1.9851379183188014,0.30729800711656297,0.3802054189533983,0.42628965569589794,False,True,True,0.004918923528903194,1.0272850426147813,2.0270195191450853
5.0,17,-0.13594591207671394,1.033351657581274,2.3345364679259637,0.49159571421149434,0.3600226533525617,0.5000973622792664,True,True,True,0.029590614062431922,1.0608484586780593,2.0294187244776047
5.0,18,-0.6569950138465,1.0772300476575345,1.7904692778722686,0.35384213481507926,0.35394226199889384,0.3755274708777236,True,True,True,-0.009071771789865263,1.0003414010276264,1.9843644814143204
5.0,19,-0.23732509186513295,0.7920220794879645,1.986814186125774,0.308311972948887,0.30981952787182904,0.5907017713182133,True,True,True,-0.008514122125986297,0.9707665950468063,1.9614045595017844
5.0,20,-0.19841689791418826,1.5327824026261074,2.442774489528002,0.36115839184245785,0.44911358214511743,0.5650014779764475,True,True,True,0.0017442200114474431,0.9948846395629106,1.972924886589531
5.0,21,-0.1786098620183462,0.6754257644258839,1.827420897012576,0.3346189742765695,0.2796724397176746,0.41099333045809444,True,True,True,-0.014301821324188828,0.9938178345013994,2.0204898026577793
5.0,22,0.1187568264326548,0.7989679627357673,3.2146979590984026,0.41367356158130825,0.42903219757936484,0.6605790178359545,True,True,True,-0.045884287327400304,0.9626612643963397,1.9937836276680403
5.0,23,0.8138404185198329,1.0105272808919412,1.4983756825558436,0.4428880733865361,0.32519757281671774,0.35734330530760816,True,True,True,-0.03163426883949644,0.9718019608879438,2.00605243936215
5.0,24,0.027570382221211692,1.178183512503509,1.74373372572672,0.2889189436123276,0.45087260544105756,0.4045158729194434,True,True,True,-0.00564193717018573,0.9783437705961978,1.9860078282976223
5.0,25,0.9558319856806547,1.1518053109547253,2.285086510961941,0.35143890147171863,0.37005547889387413,0.533940993148615,False,True,True,0.015021561891116551,1.0027643684882013,1.9777862057823201
5.0,26,-0.1545726533301389,0.8824008523310584,2.5987582207648567,0.33660093677379116,0.37449482252007055,0.6917998286154299,True,True,True,-0.01920944034210794,0.9839669072559825,1.963911201271751
5.0,27,0.06739858028232405,1.3244916132971696,1.5937389839819365,0.4475197689601351,0.3927500564848421,0.3983319579071421,True,True,True,0.03655909620982409,1.0637815857721593,2.0401118131076146
5.0,28,-0.2518862307921896,1.7887295504738228,1.885178139020917,0.3433842221572335,0.5320880573193003,0.424825451774318,True,True,True,-0.00815556760321659,0.9789447429713738,2.0337401998180438
5.0,29,-0.5022124376099459,1.8812762735747057,2.3137568705617024,0.32858379824125883,0.4985710545421729,0.5226072380726288,True,True,True,0.015361172702104166,0.9671312772637137,1.935794573922085
5.0,30,0.14964004183480398,0.4230582393754926,2.289340234224128,0.422522497434633,0.3599332148887529,0.5213322293380037,True,True,True,0.056558548676874376,0.9928919626876711,2.0203405614714463
5.0,31,0.3382464919866347,1.6609784944148664,1.8411331359074685,0.4231352734611338,0.44934712879445693,0.5046130776006563,True,True,True,0.04033544090279648,1.0454714114053938,1.9651131239762127
5.0,32,-0.22626365393501235,0.5631489735655536,3.4341020232139123,0.46580571512393987,0.3703591397914163,0.9492196621235314,True,True,True,-0.02239231799894297,1.0355123862629785,1.9730060784642656
5.0,33,0.2031509590255273,1.4357251195397458,1.7254337515388292,0.2948727296663951,0.5916217277215222,0.39458860646544475,True,True,True,-0.012937327422264,0.9704768571825563,2.012808781225835
5.0,34,-0.00639833046468931,0.95972978957703,1.846132944065321,0.32850534722895025,0.4546970870592536,0.4862202530154743,True,True,True,-0.0067920894271162255,0.9796656672876721,2.0495145976135904
5.0,35,0.15105262539099776,0.38442112811612006,1.8106854773623715,0.26108353045171195,0.31794025706724344,0.3795517150904464,True,True,True,-0.0008448114548665828,1.0047239538744321,1.9873722638348008
5.0,36,0.0005439643966627061,1.0545259747625186,3.1269051919699873,0.3030120053291528,0.36431998293556955,0.8445836116372165,True,True,True,0.06471752950941351,1.0074179521210596,2.0180440213043234
5.0,37,0.5811429428301828,1.6420820115853352,2.157838784337537,0.36603264189040186,0.5200608161987097,0.4451350332676306,True,True,True,-0.02888174259798638,1.010293013291614,1.9762534172103576
5.0,38,-0.6678708555483414,1.2763268372240282,2.099990376506691,0.4571277210222476,0.3688262882098402,0.5001939211650157,True,True,True,-0.03549257995556783,0.9854394991488921,2.014623301296559
5.0,39,-0.2832481387343849,0.6444417878954856,2.091766072986081,0.47765952733843525,0.313192963775464,0.5142781867759986,True,True,True,-0.04057674025506006,1.0342447014062757,1.9996139078775144
5.0,40,-0.7892421413806074,1.9713609114888728,2.229623270135771,0.41628089063220325,0.4620193392672946,0.5407439088200847,True,False,True,-0.004538528330389181,0.9830484240485106,1.9560607091606692
5.0,41,-0.07184483089383759,1.681118801906413,1.8085270289042177,0.3619247008053564,0.5379227076441876,0.43921361665962827,True,True,True,0.0074784723862912905,1.001297479463474,1.9746830904127513
5.0,42,-1.0108320193726972,1.5516971839184408,2.770660048905692,0.4210781123586965,0.383167396900741,0.6627775302958173,False,True,True,-0.017501163422637644,0.9877725471518799,1.9700579844474322
5.0,43,0.058943007147406114,1.6476154601265511,2.6020632723730577,0.36417540575346363,0.4645201435087575,0.5267154919165274,True,True,True,-0.004549289251529171,1.0052971413884544,1.9698212986486712
5.0,44,0.48729718415873385,1.7138223580909275,1.9952546331951975,0.2648350615026154,0.5574017730987028,0.42271610930420866,True,True,True,0.02864660564160142,0.9264861014752362,2.051646630370332
5.0,45,0.4929477421469297,0.8219895577462522,2.0679426818862447,0.3424063400829627,0.31349396286282194,0.48137441828638267,True,True,True,-0.04466174320986702,1.04408644762506,1.9403742021413624
5.0,46,-0.28878046538399116,1.9507030986393241,2.0154718496877755,0.2595832733807353,0.46809956679595033,0.40876814707455467,True,False,True,-0.044552228968025055,1.0452678590357793,1.953395949995382
5.0,47,0.3866029087910194,1.5055419193922903,2.0260393094081803,0.275932328255292,0.32741013608430547,0.49083274889973644,True,True,True,-0.02365675000174088,1.0173185915251535,2.046056360050565
5.0,48,-0.5050450910693963,0.9706754084677945,2.1883787183057644,0.3836600685021977,0.43205362888447213,0.44279131308559533,True,True,True,0.02013535249569634,1.0086704802507114,2.0137631535526106
5.0,49,0.5064765527177516,1.9662598510329987,2.8971901155756767,0.3937282654276381,0.6411249750994338,0.6678395313544243,True,True,True,0.024540197465382642,0.9717840169537063,1.9653029626194656
5.0,50,0.41771556017480727,0.8343024746642613,1.7311964474584876,0.5482501097405902,0.33051774760868086,0.3936108008104126,True,True,True,-0.014233214201250583,0.9977381075198006,1.9998329020139614
5.0,51,-0.02494958242547687,0.717187562697058,1.929924711747037,0.5069588253323578,0.3848933308876647,0.4361697087636968,True,True,True,-0.0246878915167872,0.9578447908246472,1.9661962614167416
5.0,52,0.08574939569550753,0.22458594075434704,1.964928163505499,0.32689751582073706,0.4427619802614787,0.39176415233735723,True,True,True,-0.022017669479282503,0.9877028559002966,1.9733412812605229
5.0,53,-0.6403796868540302,0.637811480744555,1.962079384141556,0.3940556022514361,0.3006980552125246,0.44087959877759975,True,True,True,-0.02052136228525856,1.0194642665798264,2.0576519247571663
5.0,54,0.4448902015672137,0.8244264393201283,1.3557783429360784,0.3276591660999631,0.36989819592475304,0.39830160815947274,True,True,True,0.016092968367681336,0.9815354013067283,1.9367122266852856
5.0,55,0.1946532247557775,0.9343014965900874,2.472505720320469,0.3394879270941741,0.3166130552907419,0.6246613004755707,True,True,True,0.02790172446477164,1.0602961208890178,1.9966025392102664
5.0,56,-0.6978295314872366,0.4076716125028891,2.305061455372556,0.3348275257147031,0.33594348560651827,0.6406201462238157,False,True,True,-0.07171492872175625,1.0053917374575776,2.017459110201295
5.0,57,0.059580507946551106,1.8668303926879228,2.8275638403255625,0.45517188851131357,0.43387580223956307,0.5864410876965034,True,False,True,0.01418548475224585,1.004908684683579,1.9543375581824156
5.0,58,0.04102115777945093,0.7026922792079427,1.6442589323182684,0.3767902204175159,0.31448453101590856,0.42160742185370603,True,True,True,-0.06524346440379404,0.9858399284027669,2.0352402617775365
5.0,59,-0.054788693124577174,0.9012874927957755,2.600234668616445,0.3391568515094929,0.34063200352686784,0.5163823773330796,True,True,True,0.02010105821427584,1.0280718990713749,2.0355538292755826
5.0,60,-0.5127169912947995,1.1514165859691914,2.1001180194550657,0.44466922034050194,0.3762245930695611,0.5778378237020981,True,True,True,0.018246254996384666,1.0235379030637057,1.9531008826923353
5.0,61,-0.6117929467813384,0.39318277220264686,1.8147749602311587,0.37419602298246224,0.35295453746923994,0.42559453836305744,True,True,True,-0.005696620885295043,0.9992633232193866,1.9550128880547368
5.0,62,0.481836763619229,0.3620294636483962,2.7658529400935126,0.37889440629298754,0.41085667059591985,0.8834590556917807,True,True,True,-0.02653243491453595,1.0372633534783018,2.007498466250257
5.0,63,-0.512559019023631,1.7016165358131874,1.3368744179556178,0.44655671608903147,0.46568283074672023,0.36996847626299134,True,True,True,-0.0032967333443270214,1.0089383925428321,1.9652643272225556
5.0,64,-0.2376120395757058,0.995488132314989,1.3662226878735282,0.3847613911044433,0.3910267922517744,0.38888193871499965,True,True,True,0.032063179610919125,1.068816542181417,1.9939508115337445
5.0,65,0.2735952713554629,1.1823855783140416,1.498115276627214,0.34748470981463137,0.3830459396546862,0.4738261314958562,True,True,True,0.02305909592556473,1.044371379496576,1.9593073077486642
5.0,66,-0.04735079855355076,1.0468992228512648,1.3630525252689984,0.3943443954636687,0.554692488807005,0.39823289043267723,True,True,True,-0.004587842653350875,0.99675118900279,1.988099860971516
5.0,67,0.3818559922138214,2.15570620477918,2.250494384079872,0.3217016098686047,0.7465864061268944,0.42533659424206494,True,True,True,0.014440145542181069,1.0215544735075843,2.0812224971238633
5.0,68,0.07548149665663952,1.2544031595991354,2.1567438426402847,0.2399268785838645,0.4308721082171012,0.4201217259858533,True,True,True,0.027504359690176103,0.9649797067601205,2.007562098686212
5.0,69,0.1123607587361521,0.711258410717314,1.8332219356813138,0.4051027879209534,0.36804362965457776,0.4130936023409444,True,True,True,-0.03442390696542008,0.9599923510330353,1.9787773622783382
5.0,70,-0.4825918542249705,1.2336896477444792,1.054663819335706,0.36691919345489493,0.40092480413587006,0.31112722838589013,True,True,False,-0.05166734684627443,1.04727949006867,2.0281029629251695
5.0,71,-0.3075580366320841,1.2608704656381855,2.514071442634731,0.3201624829120917,0.4050694184788483,0.6155716418910251,True,True,True,0.052243963686609676,1.0062103168867547,1.9967934439642394
5.0,72,-0.7929246497525584,0.40181438295593525,2.3457988803704475,0.32092873598138794,0.3195207218251537,0.46228555024741363,False,True,True,-0.004693418154293121,0.99451650100092,1.9631071820668096
5.0,73,-0.23477659116213892,1.673154049475658,1.7746782988752472,0.318951056902968,0.4842894730846884,0.4189553955716662,True,True,True,-0.031913209892840896,1.0010854848881867,1.9926961951418922
5.0,74,0.1472594168172694,1.0616640102739607,1.7934983803939193,0.4151444974188626,0.4181350636955328,0.36613454414901203,True,True,True,0.0053263088740482245,1.0122395228895251,2.011276132449958
5.0,75,0.1410002805425805,1.0943843401933127,2.3121205578303377,0.38192781346986127,0.41465881885745676,0.6698927562074906,True,True,True,-0.02730162891328402,1.0395624194492217,1.9679598049715055
5.0,76,0.4869037484687324,0.4991703454400989,1.537841308202934,0.34130084889671214,0.4100387013403042,0.4828518479658215,True,True,True,0.0020358504992500186,1.055120847738264,2.0512658152733274
5.0,77,0.2662679047297376,0.6118783373995573,1.900249579728796,0.3737518723420835,0.3523546554938315,0.40642492834818794,True,True,True,-0.03124934294844417,1.018764399054104,2.005942334611829
5.0,78,-0.06795891545724167,1.3682453968922246,2.1563532858098466,0.36907341100101493,0.4519016123183944,0.48567050229789716,True,True,True,0.030380496959861652,1.0126091434673024,2.0599329125908152
5.0,79,0.6161854567744374,0.8919309013120174,2.3148821523923693,0.5647628682400899,0.359868196417911,0.6252771313085653,True,True,True,0.003294312151706908,1.015383174400471,2.0077869578594365
5.0,80,0.3755991213741599,0.37038834388095887,2.4377940685466597,0.37792182695619514,0.4393306764950539,0.621905054191321,True,True,True,0.05174417373054904,1.011834117946568,2.012145930466376
5.0,81,-0.3775688752436596,1.4896808898094047,1.9666263067850343,0.30165225746153074,0.38285501009842104,0.48170642505935146,True,True,True,-0.004022001211522717,1.0039865684512144,2.0018492076493386
5.0,82,0.18571216874146662,1.20737780220289,1.8563325295688884,0.2927922248117711,0.5132318650740556,0.39236825286187815,True,True,True,0.008225232630117311,0.9913174990626705,2.016841601147451
5.0,83,-0.047846595679310384,0.7937320263373785,2.1277193594170134,0.3498182506309996,0.3833650616482846,0.4495849525751149,True,True,True,0.07102005470932579,0.9965177772005606,1.9947459457325643
5.0,84,0.42066215327359063,0.9793437203626283,1.626094350170865,0.36533471871826484,0.41780001084927937,0.3332466374949558,True,True,True,0.010241532966608975,1.0196233705717894,2.0481411010862116
5.0,85,0.6880292454473194,0.57077724121141,1.6683024309251397,0.32376403030597817,0.3804555681169063,0.4126242991940727,False,True,True,0.0015459981831274922,0.9693967150749705,2.041705665330102
5.0,86,-1.019796867558915,0.44698707379481295,1.935488193951573,0.6768891949786967,0.36549295093923395,0.4776313259959716,True,True,True,0.027131835405426474,0.989630623160032,2.023905820751767
5.0,87,0.9549499879930213,1.274455319561806,2.6692100415974735,0.41405905314286723,0.39017677901691666,0.6350421566162329,False,True,True,0.02943149521315318,1.0455153968417683,2.0125749042300103
5.0,88,0.32204757005427287,1.5036121038019234,3.250025886879507,0.2858077098773446,0.4396265404132287,0.7342015195315703,True,True,True,-0.018090864167155944,1.0354544361719356,2.109230715114955
5.0,89,0.27794587303841783,1.0508292805833677,2.5643668819950416,0.3447456968761174,0.30832381809181136,0.6093973315904647,True,True,True,0.04948879026098846,1.036493135526781,2.0266281456034037
5.0,90,0.21866639924436299,1.5131212123860012,1.7742194069404449,0.3464613117862283,0.500321951845995,0.39090146162977607,True,True,True,0.014360991130544213,1.0016997926844788,2.021350464969571
5.0,91,-0.9739637967548301,0.9303199124086681,1.64754136574257,0.47464258408908877,0.34480412442841774,0.37014416784497356,False,True,True,-0.02629540212991751,1.0026793316507032,1.9991324392371654
5.0,92,0.19676741895767622,0.384758979537028,1.7452629745779733,0.41674145563674697,0.34850969555996997,0.393982101934371,True,True,True,0.009109046690331607,0.9659929486181954,2.011918228193258
5.0,93,-1.049183396455666,0.7273982230418777,1.9661687687326506,0.42828335348415064,0.36924184919747216,0.4740752024346894,False,True,True,0.009948096689859673,1.024088759889493,2.0386386774049026
5.0,94,0.7334873009698634,1.3328126591891982,1.5185776444511865,0.3316935027105354,0.4056426132824558,0.4079961668377927,False,True,True,-0.029436982929704016,1.0121978449112596,1.9944264017785598
5.0,95,0.39223404883401525,1.3519688097810492,1.8968033128271966,0.3573417570123193,0.45941712588807115,0.4559269555621032,True,True,True,0.0009643772984450792,1.0213856665906658,2.0586025828120755
5.0,96,0.2019860178732974,-0.14776612525221275,1.836146844550024,0.3556002604586825,0.3707260575010509,0.5552672668964059,True,False,True,0.014285616327541988,0.9713841682469908,1.9406484235364387
5.0,97,0.25327648388202356,0.9471290787562137,1.8771776257448374,0.3183997461739296,0.287438622530791,0.47742344692012273,True,True,True,0.0036551635328587635,1.0341801743596424,2.0034272835909945
5.0,98,0.23267616114140013,0.8986577116585948,2.7277607796648513,0.3482302286237092,0.31601980034147054,0.6140943685277808,True,True,True,-0.006638205387060134,1.0087251672188546,1.980389589564626
5.0,99,0.8376669602983938,1.3283478190014255,2.45012545838399,0.3816024964332851,0.3953563900385233,0.5574293051678336,False,True,True,0.03661847775478288,0.9733040973235036,1.945216143484968
10.0,0,0.14044372612716724,1.266913594523013,1.7324452293723103,0.15931415444921784,0.18224089877075272,0.21262097849913375,True,True,True,-0.05801898335423528,1.0061680302716574,2.0300821214639035
10.0,1,-0.09658976177773315,1.8435878102779537,2.125770860125687,0.1642685524269451,0.24630546938614464,0.22659342865787904,True,False,True,-0.011844911903145822,0.9839601750206366,1.9603213709089935
10.0,2,-0.21949902029731364,1.2882006908003416,1.9897523015488439,0.15801009159427093,0.21051549748013965,0.22982245609969712,True,True,True,0.052289408450862544,0.9999326385198262,1.9697977792927646
10.0,3,0.2526590043608378,1.099166348260552,2.023933320222081,0.17567013486769514,0.20144615953384903,0.23193462486306027,True,True,True,0.01774841490000803,0.9552477063396583,1.9838106579701367
10.0,4,0.05262239686235325,1.0654434987866126,1.9661365949927327,0.16559963431162553,0.1891118964823016,0.21580243426076778,True,True,True,-0.012321166053251252,1.0082770831490977,2.018054808020451
10.0,5,0.2409168995050876,0.8565921938158644,1.7981135146662621,0.1800708488582774,0.19548783145230747,0.204971597521148,True,True,True,-0.008179883640654716,1.0225548221330254,1.9943451561992933
10.0,6,0.25204866131827247,0.6566847465679972,2.1340991974724672,0.18304528597415007,0.16630973489833628,0.23946583071748542,True,False,True,-0.021932234821059916,1.0073516818392676,1.9607583866583125
10.0,7,-0.006864707405272519,0.8215467819748982,2.108119273679116,0.1698244119501861,0.18418066492038263,0.23248239401232665,True,True,True,0.03906043649912792,0.9572421136773417,2.0188960090322006
10.0,8,0.04868295131129488,1.3715437821827798,2.358330661115738,0.1751706794208349,0.20385765127396108,0.26273170535758184,True,True,True,-0.020165358920763574,1.0406339139146634,2.028989977946515
10.0,9,0.09227203023644284,0.9272963474385065,2.152899242886974,0.16801442161348315,0.19319421304493278,0.24195237297181926,True,True,True,0.0509143950877914,1.0105858005021113,2.005713298534605
10.0,10,0.19463447603397283,0.9990137036159819,1.5696881784016425,0.18551428200839773,0.19192177821633083,0.1984863130253621,True,True,False,-0.024468398385973464,0.9838636099603676,1.9962143068160172
10.0,11,0.2734976755357478,0.9572643062447277,1.8376282937464703,0.19471665703762947,0.16204849363994972,0.24128321539342895,True,True,True,0.05405078298622446,1.0000137266986175,1.972829398093122
10.0,12,0.09924371805065038,1.4931270802189458,2.1690746132309378,0.18041285577512736,0.24273218990447426,0.2479277198897555,True,False,True,-0.014186320950890847,1.0706206110602519,2.014412698186014
10.0,13,-0.1024901712424494,0.6962492193572378,2.322603902464047,0.1801241539360021,0.17035381292579385,0.25255854963926827,True,True,True,-0.03517061786035959,0.9922318728178874,2.001783984977922
10.0,14,-0.30735706365087617,0.9374419069380887,1.9297480198247607,0.1748228484357826,0.17842756296196602,0.24729468220605905,True,True,True,-0.06347306059752672,0.9818673045975793,1.9959618346066883
10.0,15,0.14999555050440108,0.9257279879520457,1.923931909996773,0.18531876102462866,0.21168020826548947,0.20252914153926876,True,True,True,0.05621703251669872,0.9963005197862916,2.005270750653679
10.0,16,-0.23095650725068556,1.4027272322767061,2.0334273410849413,0.19023478100417732,0.20077248480321397,0.22605711103170653,True,False,True,-0.02837971015035713,1.0490526255996422,1.955304604663433
10.0,17,0.06249480106180679,1.0619033895469598,2.1152967651859007,0.2157516852643424,0.18757168083006823,0.23687836126028722,True,True,True,0.0016285956946678337,0.9792859892490648,1.9676274618942995
10.0,18,0.024754525305448537,0.7123937190909183,2.4537373041819603,0.1899706258703002,0.17120488901887942,0.2666607239414597,True,True,True,-0.041646428177606484,0.9883915501543352,2.046768710068177
10.0,19,0.07412826758050153,0.8488084271464228,1.9158352862129044,0.19632294480061085,0.16370418074388787,0.22565520454178128,True,True,True,-0.021385005264619544,0.9966172586889777,2.0200748896817724
10.0,20,0.14367682349784255,0.9639753017455974,2.1214502052751567,0.17460081457312626,0.19809896106023978,0.26541658391490985,True,True,True,0.013500875399683945,1.0142847318204171,2.0135798219820074
10.0,21,0.045468408005289965,1.298215430048828,1.8719414492974522,0.18528964626390576,0.24117557481474552,0.2049749704296626,True,True,True,-0.0054373545224484406,0.9796999168893874,1.956158182516957
10.0,22,0.4000457777582814,0.8224603110197228,1.9614635096339357,0.1856605905398597,0.21436808554073905,0.2772379353256413,False,True,True,0.012443014808288192,0.992984636596922,1.9931381275577849
10.0,23,-0.13466963683082137,1.138503734648205,2.015831849247879,0.17029472102786183,0.18837140943316652,0.2191112270328202,True,True,True,-0.06488286330818446,1.033999394886718,1.9718208018045402
10.0,24,-0.16324064273901773,1.0880780478739833,1.8829000308295052,0.1667296119074543,0.19912322220990364,0.22137280214263977,True,True,True,-0.006280457370507104,1.019687725870226,1.9417592461775852
10.0,25,-0.5693072543030833,1.0166698445567632,2.2435613941116666,0.19846700699371642,0.18911498962285725,0.26168833455130897,False,True,True,0.010946391827550014,0.9875886228031142,1.9970786369658673
10.0,26,-0.24554873489709056,1.0194756438164136,1.9012977110501108,0.1918694338763446,0.21347151280327378,0.22003039968764979,True,True,True,-0.014009885732168114,1.0158344795040573,2.0265719405799247
10.0,27,-0.04037175027216477,0.8094330332890521,2.2123166375421146,0.1856778110834309,0.1534066635851907,0.26073126768272287,True,True,True,-0.0002691323023817256,1.0508039165667986,1.9968203894173786
10.0,28,0.34533901406003337,0.9144987278323181,1.7608062143004035,0.1871179182003879,0.16699477781168853,0.21005978809175946,True,True,True,-0.07358268963809782,1.0398426965206626,1.9768591568810212
10.0,29,-0.1960612808909396,1.1373285993385787,2.1574318318550225,0.17603016960816895,0.2031475073539739,0.24062383292124942,True,True,True,0.05936347251079935,1.0131697818120207,2.053293295476287
10.0,30,-0.016136362857042494,1.0870033311598768,2.481898390059908,0.1753057072620977,0.19520234529347458,0.26063032931450236,True,True,True,-0.054692738125100046,0.9926377363924634,2.0029358917573834
10.0,31,-0.1791403160441292,1.160260744873716,1.7050223941536238,0.1797977133176624,0.24228007118015824,0.20861856027261433,True,True,True,-0.017604812135116832,0.9879547231632948,2.0116948392168847
10.0,32,0.20556964936760053,0.8364991316752965,1.8374357125493361,0.18899098627399163,0.16669056387064463,0.21988647032131597,True,True,True,-0.01929542679062867,1.0280621600567097,2.0516243454085115
10.0,33,0.10964366309521208,0.863193530882978,1.8852861871974804,0.157954428445544,0.1814131616857334,0.20199717816760573,True,True,True,0.015098808989647852,1.0552934197261492,2.018929940638165
10.0,34,0.22161519332132013,0.9203818830482922,1.4991727698135615,0.1857310567845194,0.2434412332580399,0.20018332271484837,True,True,False,0.021145463454898754,0.9854243216082176,2.0044988217183564
10.0,35,0.039479090429039146,0.6496168845062411,1.7826347174682622,0.17487818694688223,0.1955147254889298,0.2541882037815981,True,True,True,-0.00481299038381903,1.0457831912946496,2.0317690556689287
10.0,36,-0.15014408088863562,1.122801654670838,1.933584108411164,0.15788513239983315,0.19686126072460394,0.22229624705536538,True,True,True,0.04507945171094971,0.9904939506455237,1.992139804339951
10.0,37,-0.06572078192621036,0.8044473023681281,2.33727684486109,0.15732601556223882,0.19611539652308274,0.2529019728586896,True,True,True,-0.003358209409910006,1.0066564716083077,2.057652565497411
10.0,38,0.015872912255299333,1.06702567270521,2.108935469374837,0.18883309115728705,0.1832364323738771,0.23704990508854779,True,True,True,-0.004644494833888098,1.0119775936741824,2.034814794279251
10.0,39,-0.2354669379100182,0.9095895853672895,1.8150882651116527,0.1813525833806025,0.19394081595870616,0.19299438065687066,True,True,True,-0.011952634074571616,0.9510872793301685,1.985453776294783
10.0,40,-0.22389813767377217,1.3190028270906642,2.1265918346351316,0.16995298116070925,0.1929200147370908,0.25401084537254953,True,True,True,0.00036299810664107424,1.056895035212948,1.9851797864694252
10.0,41,-0.2591111340211404,1.207488832552917,1.7245880610925663,0.16953542260979662,0.2407062129758956,0.18199826919592707,True,True,True,-0.007735110258170939,1.026206006071591,2.006757124908395
10.0,42,-0.2916241153950313,0.7411399333674005,2.1012518135583913,0.18618181824109825,0.20490430892036401,0.23680556274541167,True,True,True,-0.037471312612241715,0.955814598354942,2.0258353635504
10.0,43,-0.09624493750694516,0.986461310370822,2.096980006685552,0.19977889707640145,0.18173328353482576,0.2622644038652355,True,True,True,-0.00693300732674592,1.0087561572063148,1.9730901583779301
10.0,44,-0.14113104064799348,1.5375434526786198,1.8684322764233414,0.18639140947683733,0.23450961473772336,0.20414922383517262,True,False,True,0.007205587225607537,1.0198531424233401,2.022538544525309
10.0,45,0.27552980941984,0.9663817057747826,2.3232960163133747,0.17404217817270498,0.1957697860172794,0.29140471340869467,True,True,True,-0.008582054877541656,0.9501899042808823,1.9927140454773706
10.0,46,0.1233580480136354,0.512670415676058,2.084643856373313,0.16697774505551344,0.1555157838166435,0.2411825292758546,True,False,True,0.05522015783204441,0.9815765447786517,2.05260179758885
10.0,47,-0.1368396910781877,0.8350188794268796,2.097184492387322,0.17272642117685993,0.19639440924172985,0.24314427855262882,True,True,True,-0.01642102990729074,1.0018851649900973,2.010773573431669
10.0,48,0.30753591279120107,1.406499549169285,2.518455574566963,0.17687655872448008,0.19492281540256245,0.2635517768388841,True,False,False,0.007535352889841158,1.0375939661720952,1.9918184771651082
10.0,49,-0.15370803543945732,0.9516812090472808,1.9313990124061666,0.19042861974924458,0.1670049957952485,0.21320845802129784,True,True,True,0.0105898293881782,0.9680348997243279,1.999243345266843
10.0,50,0.032702247736577886,0.8628714735411109,2.2872834963362108,0.18344957893275277,0.2049069009342812,0.2616070970983067,True,True,True,-0.014447284287360126,1.0406037336815557,2.0640957468110126
10.0,51,0.19748606821736353,1.2267020472390227,2.442456550149773,0.15833727780670176,0.20637948491148808,0.31362115431757126,True,True,True,0.006740204998461944,0.980265305434096,2.000594256293638
10.0,52,0.08632403222586363,1.142147290233895,2.496225647549469,0.17542847198225212,0.17579140945553826,0.3194717488175843,True,True,True,-0.007073137155574463,0.9960862834068024,1.9675941224901394
10.0,53,-0.2211375034557558,0.6814408260444876,1.6679559265917128,0.20228841443564807,0.18744962703416243,0.20495215756678964,True,True,True,0.007297318218308604,0.9682287245951536,2.056010748585286
10.0,54,0.007783728198723823,1.1100600653485435,1.8048526478426528,0.2102662458470634,0.16622990632052606,0.2013520210206673,True,True,True,-0.024265648982046695,1.0379766596663635,1.9980558562087267
10.0,55,-0.6569524854899433,1.33986382930112,2.6743131583275055,0.17994082381744345,0.19865101238535632,0.2593560975644483,False,True,False,0.011002789101745802,1.0307762125995525,1.9777415147079132
10.0,56,-0.11937966210315042,0.7167966789771809,2.1514627639462867,0.1801810204090971,0.1818135528625248,0.22875271374857034,True,True,True,0.01552833238411274,1.0114288588363425,2.0109561543854477
10.0,57,-0.13810022898716298,1.1968601003304296,2.3597378326339737,0.1920391242892058,0.19066844985911963,0.2650323813411039,True,True,True,0.023801019728728626,0.9722826006503319,1.9940740495697078
10.0,58,-0.10977329329232373,0.9756072826429185,2.5047137500698353,0.1747235202034915,0.18466530711571436,0.26506753360718344,True,True,True,-0.030946612011987028,0.9836761805062904,2.02391620585389
10.0,59,0.07180143104016684,1.3502908874596538,2.1607126592857524,0.1734338466371506,0.2185204805032383,0.2240238774757637,True,True,True,-0.014116750444662159,0.9458248818997228,2.0007167288422814
10.0,60,0.011298685459987431,0.8161461841848373,2.0891744465575446,0.19292277337437466,0.20278287175832196,0.22574762850607868,True,True,True,-0.033711317577923366,0.9825671396761172,1.9753983676717226
10.0,61,-0.006601064133959838,0.7393379899561524,1.8658989883605,0.20046739658635085,0.22941738677691143,0.25018450605900505,True,True,True,0.01178319061142808,0.9851101438547227,1.9711177257038712
10.0,62,0.05536489213195381,1.08560349868068,1.7229922884906805,0.17972171802504358,0.18721506491397538,0.22640099169380232,True,True,True,0.025121404786267676,1.0319215398273571,2.040990791532542
10.0,63,0.053993126848291675,1.213293998527711,2.1104325735338945,0.1790095900742313,0.21885457787352214,0.23306685288459314,True,True,True,-0.012647663563897998,0.9571118534934372,2.0146809877819964
10.0,64,0.22773890623774212,0.902010231013749,2.3090735086794196,0.18548428869739692,0.1913273863723821,0.271526353149854,True,True,True,-0.024645140872823504,1.0534060442876307,2.011466665542358
10.0,65,-0.13190014754984403,1.1782501982292903,2.1832709627482108,0.19548054759768826,0.18855593719145528,0.29259427467979876,True,True,True,-0.02262205402153921,0.9617577254375724,1.9942021762017
10.0,66,-0.07751441803033429,1.0276781118261187,1.9365667581647672,0.18964532696371894,0.19847832710323873,0.203508277822691,True,True,True,0.011970089046590294,0.9391120359695143,2.0188267312182613
10.0,67,0.017466524588750847,1.2692761583144512,1.820872874876787,0.1777090333739968,0.21111612688645212,0.21031940842702704,True,True,True,0.04837844987234813,1.0594866995020988,2.060661290733769
10.0,68,-0.10402976585546211,1.6039734773722225,1.9225601220227835,0.16014820287496045,0.22955620019789189,0.21412074902371295,True,False,True,0.02539592206011923,1.0173579595875804,1.9786339466512552
10.0,69,0.29269856432201274,0.7925073335752594,2.5132544914469883,0.185773257238479,0.18316682028552678,0.28606364135024664,True,True,True,-0.02951428815708534,1.0287578235803834,1.967158130136473
10.0,70,-0.1666315008642535,1.2688020225578907,1.9473041593951008,0.1728184495419421,0.20772325349650447,0.2033542565886968,True,True,True,0.021743863144135966,0.9567253171287506,2.0360599781027977
10.0,71,0.3098707578610013,0.9765590742361658,1.7909319393679926,0.17683875125741458,0.21234588077176741,0.22278896095234169,True,True,True,0.01585217267195048,1.034888936868552,1.9763570582526253
10.0,72,0.1491624147172746,0.7408631535713807,2.0864727870558952,0.1756772519985437,0.16404133209283384,0.21237529768057448,True,True,True,0.013636178768498486,0.9873128106399092,1.9770678485334465
10.0,73,-0.10670042979978557,0.8733208924878941,2.2938320011334863,0.15309393844357763,0.1624610736955504,0.24272163619218948,True,True,True,0.02692659820642792,0.9798637943287388,2.002658426962101
10.0,74,-0.1641633707552315,0.9356420296497365,1.8303025411864609,0.16868133920476738,0.20195302359437692,0.21070999917975416,True,True,True,0.06745628690452184,0.9746410315482306,2.01767260303353
10.0,75,0.12838309658024444,1.1927187541428963,2.2403602093561945,0.18479409729189075,0.21359689310589391,0.23968642306436047,True,True,True,0.02210634476396032,1.066070511621949,1.9782886570211202
10.0,76,-0.3053987631263781,0.9964599277697916,1.9036880467703257,0.16587793748659999,0.18625735652628023,0.21536106055942297,True,True,True,0.03137699914450373,0.9487210367237711,1.9810554898246595
10.0,77,0.1486376752133213,0.9806440511715135,1.644392718623643,0.1786626449134937,0.18549281701443168,0.20010204909874166,True,True,True,-0.02040200761340457,1.0241045244062617,1.9267185561709048
10.0,78,-0.1329531591985337,1.254729005087462,2.014067464035022,0.165723879924051,0.21359359679910878,0.2196040683684191,True,True,True,-0.010916985537601162,0.9987419934957869,1.9916074318745536
10.0,79,-0.24204669145993457,0.9989761751483427,1.9398904016475507,0.174900816488317,0.19645838294039247,0.21294028322128497,True,True,True,0.006442340076437469,0.9720591858647285,1.9654246730007323
10.0,80,-0.22197751539885793,1.1579007118144358,1.9051868512538688,0.18143243291195485,0.21371609017223409,0.2242450849120355,True,True,True,-0.011394831233307305,0.9958612569010536,2.033365915755876
10.0,81,-0.14811767603239143,1.1348277365300552,2.191014202314223,0.16130347203020542,0.19334628515964583,0.26329894210278204,True,True,True,-0.10344813451927483,1.0531218948440997,1.9426746326247697
10.0,82,-0.31604333537585383,1.1809410036382952,1.9162836374559535,0.1716149071709072,0.19327850144108,0.21177123072028645,True,True,True,-0.024131685562571017,1.0073487349880113,2.038377955619029
10.0,83,0.27587716647931787,1.0626408795249906,2.227969481605763,0.19354024218707516,0.20649791209631194,0.2863898775364095,True,True,True,0.07913178033910603,1.0285869368830718,1.9868031808390216
10.0,84,0.09699206768595159,0.6699558435534616,2.1479796771954582,0.17420744644356914,0.1822752120461717,0.236874667964277,True,True,True,0.01558114598908061,1.0053287672074716,2.00324631530542
10.0,85,0.31939372137754385,0.9726290639844957,2.0790509258620746,0.19028606363514344,0.185655711372387,0.23173973007550122,True,True,True,0.011660979907386359,1.0078467202513655,2.0084303299362043
10.0,86,0.3289971996069927,1.1430579494488435,1.639504156124791,0.16830729996280042,0.18466423572305696,0.17978770620790002,True,True,False,-0.025439083984988356,0.9911118334713058,2.012445155056235
10.0,87,0.04169937947199546,1.1781606760121337,2.182757643347191,0.16668285085458184,0.2142567554098846,0.2626321220123431,True,True,True,-0.020743867096044866,0.9787714810584593,1.9704960405655618
10.0,88,-0.24455271553522986,0.9837928030546603,1.9088694374832231,0.16319081400158583,0.17699992558307479,0.20946257212567906,True,True,True,-0.06458276735532148,1.0283855746669617,2.0165275086549364
10.0,89,-0.2151963521391198,1.0098085396594008,2.1896814141338123,0.19166250529735684,0.1897977063800035,0.2579960231054712,True,True,True,-0.0013998109542509365,0.9596243743791246,2.0469220326659263
10.0,90,-0.05848559973845724,0.6984440411956143,1.8933705199557425,0.17032828242810452,0.16677949822700097,0.24414958835553113,True,True,True,0.040451155207460954,0.9711198410531849,2.024540622301453
10.0,91,0.07494918403781398,1.0250531376821113,2.3048620461362908,0.18224916509307232,0.19031738267838905,0.25493695607848793,True,True,True,0.029415459810647013,1.0334706779120195,2.0201184572960345
10.0,92,-0.180194294362899,1.0692026692167267,2.017953876765555,0.16219497063691202,0.18022608174276109,0.24286920789321975,True,True,True,-0.009207928511522454,1.0441799970303964,1.9843536614860553
10.0,93,-0.09013766810322626,0.7307127053063905,2.019864897223819,0.19034758463756857,0.17142351453566013,0.22626665595621903,True,True,True,-0.01645309704093565,1.022975317338128,1.9587928418105278
10.0,94,0.0726569061517998,1.0343292517179217,1.8228797714033262,0.18750501376708004,0.1937558729056462,0.22832336435133344,True,True,True,0.011646317387680384,1.0423153889026786,1.9602810754213305
10.0,95,0.13605400591509728,1.1719701259351547,1.7936395819196098,0.18380559207869573,0.17722374888930353,0.20512842595344966,True,True,True,-0.02763794583320723,1.0310651767170154,2.0038324399633103
10.0,96,-0.00481698965984095,0.9310299282300465,2.148190126660434,0.14916372215280133,0.19663619556767253,0.264841265665951,True,True,True,0.010830790732096175,0.9809963808945783,2.011090863739969
10.0,97,0.4197184867597933,0.6228712062692113,2.1375351293652964,0.19302124879573312,0.17152091757387827,0.2395459939726785,False,False,True,-0.03290196913037743,0.99780496284569,1.9983410828251886
10.0,98,-0.17065978888221525,1.0940334054525613,1.6509358664814793,0.193910882012921,0.18504386775550108,0.20091047014723573,True,True,True,-0.01559306407374883,0.983667602944711,1.9852380346534415
10.0,99,0.021785492378135884,0.7667767208060557,1.8531739249776078,0.17319747211546238,0.21617615268999021,0.20364408372552867,True,True,True,-0.048940269871468,0.989885259048858,2.022137921914564
